timestamp,open (USD),high (USD),low (USD),close (USD),open (USD).1,high (USD).1,low (USD).1,close (USD).1,volume,market cap (USD)
2020-09-20,11080.64,11080.64,11046.54,11047.4,11080.64,11080.64,11046.54,11047.4,811.458671,811.458671
2020-09-19,10933.4,11179.79,10887.37,11080.65,10933.4,11179.79,10887.37,11080.65,38440.036858,38440.036858
2020-09-18,10940.0,11038.03,10812.84,10933.39,10940.0,11038.03,10812.84,10933.39,47266.728275,47266.728275
2020-09-17,10954.01,11045.46,10745.83,10939.99,10954.01,11045.46,10745.83,10939.99,55601.614529,55601.614529
2020-09-16,10785.23,11093.0,10661.22,10954.01,10785.23,11093.0,10661.22,10954.01,64991.51244,64991.51244
2020-09-15,10671.77,10930.04,10606.48,10785.31,10671.77,10930.04,10606.48,10785.31,61822.452786,61822.452786
2020-09-14,10332.84,10750.0,10212.34,10671.77,10332.84,10750.0,10212.34,10671.77,67059.291361,67059.291361
2020-09-13,10440.67,10580.11,10200.0,10332.83,10440.67,10580.11,10200.0,10332.83,43837.609865,43837.609865
2020-09-12,10387.89,10477.97,10269.25,10440.92,10387.89,10477.97,10269.25,10440.92,35379.153096,35379.153096
2020-09-11,10336.86,10397.6,10200.0,10387.89,10336.86,10397.6,10200.0,10387.89,43830.254467,43830.254467
2020-09-10,10219.29,10483.35,10070.83,10336.87,10219.29,10483.35,10070.83,10336.87,58253.75375,58253.75375
2020-09-09,10126.66,10343.0,9981.01,10219.2,10126.66,10343.0,9981.01,10219.2,49347.113776,49347.113776
2020-09-08,10373.45,10438.0,9850.0,10126.65,10373.45,10438.0,9850.0,10126.65,73491.878418,73491.878418
2020-09-07,10255.89,10410.75,9875.0,10373.44,10255.89,10410.75,9875.0,10373.44,62620.230676,62620.230676
2020-09-06,10166.69,10347.14,9994.86,10256.2,10166.69,10347.14,9994.86,10256.2,56368.788815,56368.788815
2020-09-05,10446.25,10565.68,9825.0,10166.69,10446.25,10565.68,9825.0,10166.69,90001.605568,90001.605568
2020-09-04,10138.29,10627.05,9875.5,10446.25,10138.29,10627.05,9875.5,10446.25,92733.599113,92733.599113
2020-09-03,11388.54,11462.6,9960.8,10140.85,11388.54,11462.6,9960.8,10140.85,121950.106015,121950.106015
2020-09-02,11921.97,11954.57,11160.1,11388.54,11921.97,11954.57,11160.1,11388.54,87221.845602,87221.845602
2020-09-01,11649.51,12050.85,11515.0,11921.97,11649.51,12050.85,11515.0,11921.97,78148.193668,78148.193668
2020-08-31,11711.17,11800.77,11570.0,11649.51,11711.17,11800.77,11570.0,11649.51,55353.617744,55353.617744
2020-08-30,11465.84,11719.0,11458.0,11711.16,11465.84,11719.0,11458.0,11711.16,43177.879054,43177.879054
2020-08-29,11526.9,11580.02,11417.04,11465.84,11526.9,11580.02,11417.04,11465.84,32973.7992,32973.7992
2020-08-28,11330.38,11542.65,11276.89,11526.91,11330.38,11542.65,11276.89,11526.91,45953.908365,45953.908365
2020-08-27,11461.42,11592.2,11125.0,11330.38,11461.42,11592.2,11125.0,11330.38,63246.036383,63246.036383
2020-08-26,11318.42,11539.32,11244.0,11461.43,11318.42,11539.32,11244.0,11461.43,53998.231231,53998.231231
2020-08-25,11748.19,11767.85,11117.64,11318.42,11748.19,11767.85,11117.64,11318.42,69590.923272,69590.923272
2020-08-24,11648.12,11824.9,11585.09,11748.2,11648.12,11824.9,11585.09,11748.2,46212.391867,46212.391867
2020-08-23,11663.51,11718.07,11514.13,11648.13,11663.51,11718.07,11514.13,11648.13,37900.00469,37900.00469
2020-08-22,11531.23,11686.0,11376.81,11662.96,11531.23,11686.0,11376.81,11662.96,43678.701646,43678.701646
2020-08-21,11853.54,11878.0,11485.81,11531.34,11853.54,11878.0,11485.81,11531.34,64448.306142,64448.306142
2020-08-20,11754.38,11888.0,11668.0,11853.55,11754.38,11888.0,11668.0,11853.55,46085.254351,46085.254351
2020-08-19,11945.1,12020.08,11561.0,11754.59,11945.1,12020.08,11561.0,11754.59,73940.169606,73940.169606
2020-08-18,12281.15,12387.77,11817.93,11945.01,12281.15,12387.77,11817.93,11945.01,75923.835527,75923.835527
2020-08-17,11910.99,12468.0,11769.78,12281.13,11910.99,12468.0,11769.78,12281.13,84734.21154,84734.21154
2020-08-16,11852.4,11931.72,11686.0,11911.0,11852.4,11931.72,11686.0,11911.0,41368.236906,41368.236906
2020-08-15,11760.55,11980.0,11680.0,11852.4,11760.55,11980.0,11680.0,11852.4,56237.90505,56237.90505
2020-08-14,11779.77,11850.0,11634.03,11760.54,11779.77,11850.0,11634.03,11760.54,59818.852697,59818.852697
2020-08-13,11564.34,11792.96,11270.36,11780.0,11564.34,11792.96,11270.36,11780.0,70132.491502,70132.491502
2020-08-12,11392.09,11617.52,11150.0,11564.33,11392.09,11617.52,11150.0,11564.33,64909.613644,64909.613644
2020-08-11,11892.9,11935.0,11125.0,11392.08,11892.9,11935.0,11125.0,11392.08,90748.284634,90748.284634
2020-08-10,11681.69,12067.35,11450.0,11892.92,11681.69,12067.35,11450.0,11892.92,84952.337887,84952.337887
2020-08-09,11761.02,11797.11,11521.97,11681.68,11761.02,11797.11,11521.97,11681.68,41493.067342,41493.067342
2020-08-08,11594.36,11808.27,11512.0,11761.41,11594.36,11808.27,11512.0,11761.41,41858.16104,41858.16104
2020-08-07,11762.47,11909.94,11322.0,11594.23,11762.47,11909.94,11322.0,11594.23,65755.926022,65755.926022
2020-08-06,11744.91,11900.0,11562.5,11762.46,11744.91,11900.0,11562.5,11762.46,63529.08502,63529.08502
2020-08-05,11191.99,11780.93,11093.0,11744.91,11191.99,11780.93,11093.0,11744.91,74970.256852,74970.256852
2020-08-04,11219.68,11414.98,11000.0,11191.97,11219.68,11414.98,11000.0,11191.97,58629.113709,58629.113709
2020-08-03,11071.36,11473.0,10936.0,11219.81,11071.36,11473.0,10936.0,11219.81,56931.841475,56931.841475
2020-08-02,11801.17,12123.46,10518.5,11071.35,11801.17,12123.46,10518.5,11071.35,97553.077604,97553.077604
2020-08-01,11335.46,11861.0,11220.0,11801.17,11335.46,11861.0,11220.0,11801.17,85087.485126,85087.485126
2020-07-31,11099.79,11444.0,10960.0,11335.46,11099.79,11444.0,10960.0,11335.46,70063.660974,70063.660974
2020-07-30,11100.52,11170.0,10831.0,11099.61,11100.52,11170.0,10831.0,11099.61,60794.826456,60794.826456
2020-07-29,10906.27,11342.82,10812.0,11100.53,10906.27,11342.82,10812.0,11100.53,76838.094233,76838.094233
2020-07-28,11029.96,11242.23,10565.0,10906.27,11029.96,11242.23,10565.0,10906.27,97267.734187,97267.734187
2020-07-27,9931.54,11394.86,9917.21,11029.96,9931.54,11394.86,9917.21,11029.96,150188.933144,150188.933144
2020-07-26,9700.42,10111.0,9650.0,9931.54,9700.42,10111.0,9650.0,9931.54,65279.269319,65279.269319
2020-07-25,9538.1,9732.9,9513.0,9700.42,9538.1,9732.9,9513.0,9700.42,40679.545416,40679.545416
2020-07-24,9603.27,9637.0,9463.44,9537.8,9603.27,9637.0,9463.44,9537.8,43931.136205,43931.136205
2020-07-23,9518.16,9664.0,9440.33,9603.27,9518.16,9664.0,9440.33,9603.27,51856.2335,51856.2335
2020-07-22,9390.0,9544.0,9261.0,9518.16,9390.0,9544.0,9261.0,9518.16,48815.004107,48815.004107
2020-07-21,9160.78,9437.73,9152.8,9390.0,9160.78,9437.73,9152.8,9390.0,60413.582486,60413.582486
2020-07-20,9208.99,9221.52,9131.0,9160.78,9208.99,9221.52,9131.0,9160.78,35458.764082,35458.764082
2020-07-19,9170.3,9232.27,9101.35,9208.99,9170.3,9232.27,9101.35,9208.99,26052.019417,26052.019417
2020-07-18,9154.31,9219.3,9121.1,9170.28,9154.31,9219.3,9121.1,9170.28,22554.541457,22554.541457
2020-07-17,9133.72,9186.83,9089.81,9154.32,9133.72,9186.83,9089.81,9154.32,28054.358741,28054.358741
2020-07-16,9197.6,9226.15,9047.25,9133.72,9197.6,9226.15,9047.25,9133.72,43375.571191,43375.571191
2020-07-15,9255.85,9276.49,9160.57,9197.6,9255.85,9276.49,9160.57,9197.6,39053.579665,39053.579665
2020-07-14,9242.61,9279.54,9113.0,9255.85,9242.61,9279.54,9113.0,9255.85,45772.552509,45772.552509
2020-07-13,9303.31,9343.82,9200.89,9242.62,9303.31,9343.82,9200.89,9242.62,42740.069115,42740.069115
2020-07-12,9234.02,9345.0,9157.5,9302.75,9234.02,9345.0,9157.5,9302.75,30872.702286,30872.702286
2020-07-11,9288.34,9299.28,9178.25,9234.03,9288.34,9299.28,9178.25,9234.03,22561.366,22561.366
2020-07-10,9232.42,9317.48,9125.0,9288.34,9232.42,9317.48,9125.0,9288.34,38295.494006,38295.494006
2020-07-09,9436.06,9440.79,9160.0,9232.43,9436.06,9440.79,9160.0,9232.43,48044.450645,48044.450645
2020-07-08,9257.4,9470.0,9231.0,9436.06,9257.4,9470.0,9231.0,9436.06,56140.517781,56140.517781
2020-07-07,9342.47,9379.42,9203.0,9257.39,9342.47,9379.42,9203.0,9257.39,34587.336678,34587.336678
2020-07-06,9069.41,9375.0,9055.92,9344.2,9069.41,9375.0,9055.92,9344.2,54463.132277,54463.132277
2020-07-05,9135.0,9145.24,8893.03,9069.41,9135.0,9145.24,8893.03,9069.41,34073.653627,34073.653627
2020-07-04,9057.79,9190.0,9040.04,9135.46,9057.79,9190.0,9040.04,9135.46,26441.968484,26441.968484
2020-07-03,9086.54,9125.0,9037.47,9058.26,9086.54,9125.0,9037.47,9058.26,28943.420177,28943.420177
2020-07-02,9231.99,9261.96,8940.0,9086.54,9231.99,9261.96,8940.0,9086.54,45725.168076,45725.168076
2020-07-01,9138.08,9292.0,9080.1,9232.0,9138.08,9292.0,9080.1,9232.0,38488.528699,38488.528699
2020-06-30,9192.93,9205.0,9064.89,9138.55,9192.93,9205.0,9064.89,9138.55,31463.162801,31463.162801
2020-06-29,9116.16,9238.0,9024.67,9192.56,9116.16,9238.0,9024.67,9192.56,42120.293261,42120.293261
2020-06-28,9012.0,9191.0,8948.06,9116.35,9012.0,9191.0,8948.06,9116.35,30688.176421,30688.176421
2020-06-27,9162.21,9196.24,8833.0,9012.0,9162.21,9196.24,8833.0,9012.0,46290.930113,46290.930113
2020-06-26,9249.49,9298.0,9045.45,9162.21,9249.49,9298.0,9045.45,9162.21,50292.298277,50292.298277
2020-06-25,9298.33,9340.0,9009.69,9249.49,9298.33,9340.0,9009.69,9249.49,55831.619156,55831.619156
2020-06-24,9624.33,9670.0,9208.0,9296.49,9624.33,9670.0,9208.0,9296.49,61571.561464,61571.561464
2020-06-23,9685.69,9720.0,9577.03,9624.89,9685.69,9720.0,9577.03,9624.89,41031.02938,41031.02938
2020-06-22,9294.69,9780.0,9277.09,9685.69,9294.69,9780.0,9277.09,9685.69,57895.468343,57895.468343
2020-06-21,9358.95,9422.0,9281.54,9294.69,9358.95,9422.0,9281.54,9294.69,24316.926234,24316.926234
2020-06-20,9310.23,9395.0,9170.95,9358.95,9310.23,9395.0,9170.95,9358.95,30329.065384,30329.065384
2020-06-19,9386.32,9438.3,9215.79,9310.23,9386.32,9438.3,9215.79,9310.23,45330.983673,45330.983673
2020-06-18,9465.13,9489.0,9280.0,9386.32,9465.13,9489.0,9280.0,9386.32,37381.953765,37381.953765
2020-06-17,9526.97,9565.0,9236.61,9465.14,9526.97,9565.0,9236.61,9465.14,48046.411152,48046.411152
2020-06-16,9426.05,9589.0,9373.09,9525.59,9426.05,9589.0,9373.09,9525.59,52052.446927,52052.446927
2020-06-15,9342.1,9495.0,8910.45,9426.02,9342.1,9495.0,8910.45,9426.02,86107.924707,86107.924707
2020-06-14,9473.34,9480.99,9245.0,9342.1,9473.34,9480.99,9245.0,9342.1,30055.506608,30055.506608
2020-06-13,9464.96,9494.73,9351.0,9473.34,9464.96,9494.73,9351.0,9473.34,27759.784851,27759.784851
2020-06-12,9278.88,9557.12,9232.51,9465.13,9278.88,9557.12,9232.51,9465.13,50119.066932,50119.066932
2020-06-11,9885.22,9964.0,9113.0,9280.4,9885.22,9964.0,9113.0,9280.4,94418.98473,94418.98473
2020-06-10,9772.44,9992.72,9704.18,9885.0,9772.44,9992.72,9704.18,9885.0,47130.762982,47130.762982
2020-06-09,9782.0,9877.0,9570.0,9772.43,9782.0,9877.0,9570.0,9772.43,46024.001289,46024.001289
2020-06-08,9746.99,9800.0,9633.0,9782.01,9746.99,9800.0,9633.0,9782.01,40664.664125,40664.664125
2020-06-07,9666.85,9802.0,9372.46,9746.99,9666.85,9802.0,9372.46,9746.99,57952.848385,57952.848385
2020-06-06,9621.17,9735.0,9531.05,9666.3,9621.17,9735.0,9531.05,9666.3,32752.950893,32752.950893
2020-06-05,9788.14,9854.75,9581.0,9621.16,9788.14,9854.75,9581.0,9621.16,47788.05005,47788.05005
2020-06-04,9666.32,9881.63,9450.0,9789.06,9666.32,9881.63,9450.0,9789.06,57456.100969,57456.100969
2020-06-03,9518.02,9690.0,9365.21,9666.24,9518.02,9690.0,9365.21,9666.24,46252.644939,46252.644939
2020-06-02,10202.71,10228.99,9266.0,9518.04,10202.71,10228.99,9266.0,9518.04,108970.773151,108970.773151
2020-06-01,9448.27,10380.0,9421.67,10200.77,9448.27,10380.0,9421.67,10200.77,76649.12696,76649.12696
2020-05-31,9697.72,9700.0,9381.41,9448.27,9697.72,9700.0,9381.41,9448.27,48333.786403,48333.786403
2020-05-30,9426.6,9740.0,9331.23,9697.72,9426.6,9740.0,9331.23,9697.72,55665.27254,55665.27254
2020-05-29,9575.87,9605.26,9330.0,9427.07,9575.87,9605.26,9330.0,9427.07,57374.362961,57374.362961
2020-05-28,9204.07,9625.47,9110.0,9575.89,9204.07,9625.47,9110.0,9575.89,74110.787662,74110.787662
2020-05-27,8841.0,9225.0,8811.73,9204.07,8841.0,9225.0,8811.73,9204.07,68910.355514,68910.355514
2020-05-26,8900.35,9017.67,8700.0,8841.18,8900.35,9017.67,8700.0,8841.18,58299.770138,58299.770138
2020-05-25,8718.14,8979.66,8642.72,8900.35,8718.14,8979.66,8642.72,8900.35,62833.910949,62833.910949
2020-05-24,9179.01,9298.0,8700.0,8720.34,9179.01,9298.0,8700.0,8720.34,70379.86645,70379.86645
2020-05-23,9170.0,9307.85,9070.0,9179.15,9170.0,9307.85,9070.0,9179.15,43526.296966,43526.296966
2020-05-22,9067.51,9271.0,8933.52,9170.0,9067.51,9271.0,8933.52,9170.0,58943.131024,58943.131024
2020-05-21,9511.43,9578.47,8815.0,9068.65,9511.43,9578.47,8815.0,9068.65,108928.780969,108928.780969
2020-05-20,9775.13,9842.0,9326.0,9511.43,9775.13,9842.0,9326.0,9511.43,74923.73809,74923.73809
2020-05-19,9733.93,9897.21,9474.0,9775.53,9733.93,9897.21,9474.0,9775.53,78539.760454,78539.760454
2020-05-18,9681.11,9950.0,9464.23,9733.93,9681.11,9950.0,9464.23,9733.93,82006.603583,82006.603583
2020-05-17,9380.81,9888.0,9322.1,9680.04,9380.81,9888.0,9322.1,9680.04,68647.764323,68647.764323
2020-05-16,9315.96,9588.0,9220.0,9381.27,9315.96,9588.0,9220.0,9381.27,59587.627862,59587.627862
2020-05-15,9791.97,9845.62,9150.0,9316.42,9791.97,9845.62,9150.0,9316.42,115890.761516,115890.761516
2020-05-14,9309.35,9939.0,9256.76,9791.98,9309.35,9939.0,9256.76,9791.98,129565.37747,129565.37747
2020-05-13,8810.99,9398.0,8792.99,9309.37,8810.99,9398.0,8792.99,9309.37,92466.274018,92466.274018
2020-05-12,8562.04,8978.26,8528.78,8810.79,8562.04,8978.26,8528.78,8810.79,86522.780066,86522.780066
2020-05-11,8722.77,9168.0,8200.0,8561.52,8722.77,9168.0,8200.0,8561.52,168807.251832,168807.251832
2020-05-10,9539.1,9574.83,8117.0,8722.77,9539.1,9574.83,8117.0,8722.77,183865.182028,183865.182028
2020-05-09,9800.02,9914.25,9520.0,9539.4,9800.02,9914.25,9520.0,9539.4,81950.679567,81950.679567
2020-05-08,9986.3,10035.96,9705.0,9800.01,9986.3,10035.96,9705.0,9800.01,100683.7964,100683.7964
2020-05-07,9143.4,10067.0,9021.0,9986.4,9143.4,10067.0,9021.0,9986.4,147154.611378,147154.611378
2020-05-06,9021.36,9395.0,8906.21,9142.92,9021.36,9395.0,8906.21,9142.92,105925.30242,105925.30242
2020-05-05,8871.92,9118.58,8760.0,9021.83,8871.92,9118.58,8760.0,9021.83,76480.765342,76480.765342
2020-05-04,8894.15,8950.0,8522.0,8871.96,8894.15,8950.0,8522.0,8871.96,84418.512331,84418.512331
2020-05-03,8972.58,9200.0,8712.0,8894.16,8972.58,9200.0,8712.0,8894.16,90126.065643,90126.065643
2020-05-02,8825.67,9010.0,8753.0,8972.05,8825.67,9010.0,8753.0,8972.05,59002.08755,59002.08755
2020-05-01,8620.0,9059.18,8613.56,8826.96,8620.0,9059.18,8613.56,8826.96,91468.815059,91468.815059
2020-04-30,8778.58,9460.0,8401.0,8620.0,8778.58,9460.0,8401.0,8620.0,206277.214124,206277.214124
2020-04-29,7738.58,8952.89,7710.05,8778.57,7738.58,8952.89,7710.05,8778.57,183546.887514,183546.887514
2020-04-28,7773.51,7780.0,7659.12,7738.98,7773.51,7780.0,7659.12,7738.98,46302.752638,46302.752638
2020-04-27,7693.1,7792.02,7606.0,7774.62,7693.1,7792.02,7606.0,7774.62,65441.339576,65441.339576
2020-04-26,7539.03,7700.0,7480.0,7693.1,7539.03,7700.0,7480.0,7693.1,50522.616209,50522.616209
2020-04-25,7505.0,7705.0,7431.07,7538.67,7505.0,7705.0,7431.07,7538.67,43874.427726,43874.427726
2020-04-24,7483.96,7615.96,7388.0,7505.0,7483.96,7615.96,7388.0,7505.0,60182.119939,60182.119939
2020-04-23,7125.12,7738.0,7020.0,7482.39,7125.12,7738.0,7020.0,7482.39,102773.569561,102773.569561
2020-04-22,6841.36,7156.38,6818.0,7125.14,6841.36,7156.38,6818.0,7125.14,61486.377334,61486.377334
2020-04-21,6828.98,6940.0,6762.0,6841.37,6828.98,6940.0,6762.0,6841.37,60109.710808,60109.710808
2020-04-20,7121.4,7220.0,6751.0,6826.83,7121.4,7220.0,6751.0,6826.83,90149.49137,90149.49137
2020-04-19,7248.6,7266.15,7055.6,7120.74,7248.6,7266.15,7055.6,7120.74,45664.86393,45664.86393
2020-04-18,7026.78,7293.08,7014.4,7248.6,7026.78,7293.08,7014.4,7248.6,49488.542819,49488.542819
2020-04-17,7101.99,7148.12,6972.98,7027.55,7101.99,7148.12,6972.98,7027.55,54126.509763,54126.509763
2020-04-16,6621.25,7190.0,6468.27,7101.94,6621.25,7190.0,6468.27,7101.94,125009.857539,125009.857539
2020-04-15,6868.57,6933.0,6605.0,6621.24,6868.57,6933.0,6605.0,6621.24,61571.384994,61571.384994
2020-04-14,6838.04,6978.0,6754.28,6868.7,6838.04,6978.0,6754.28,6868.7,69068.623285,69068.623285
2020-04-13,6903.79,6903.79,6575.0,6837.91,6903.79,6903.79,6575.0,6837.91,96415.476573,96415.476573
2020-04-12,6876.84,7177.0,6780.0,6903.79,6876.84,7177.0,6780.0,6903.79,73868.666501,73868.666501
2020-04-11,6858.92,6944.3,6760.0,6876.83,6858.92,6944.3,6760.0,6876.83,45470.293206,45470.293206
2020-04-10,7283.54,7295.75,6739.98,6858.92,7283.54,7295.75,6739.98,6858.92,104674.623375,104674.623375
2020-04-09,7360.26,7371.92,7108.08,7283.54,7360.26,7371.92,7108.08,7283.54,61094.872417,61094.872417
2020-04-08,7197.32,7420.0,7150.0,7361.28,7197.32,7420.0,7150.0,7361.28,76059.145838,76059.145838
2020-04-07,7329.9,7459.69,7077.0,7197.32,7329.9,7459.69,7077.0,7197.32,103585.168918,103585.168918
2020-04-06,6772.78,7355.14,6765.0,7329.9,6772.78,7355.14,6765.0,7329.9,118052.000832,118052.000832
2020-04-05,6857.41,6895.54,6677.52,6772.78,6857.41,6895.54,6677.52,6772.78,49685.356983,49685.356983
2020-04-04,6732.97,6990.41,6650.01,6856.99,6732.97,6990.41,6650.01,6856.99,72990.861139,72990.861139
2020-04-03,6793.86,7048.0,6602.1,6734.1,6793.86,7048.0,6602.1,6734.1,104080.276939,104080.276939
2020-04-02,6643.36,7198.0,6551.0,6794.09,6643.36,7198.0,6551.0,6794.09,149299.906871,149299.906871
2020-04-01,6412.14,6679.94,6150.11,6642.92,6412.14,6679.94,6150.11,6642.92,97500.7524,97500.7524
2020-03-31,6394.45,6523.23,6321.4,6410.44,6394.45,6523.23,6321.4,6410.44,72337.595259,72337.595259
2020-03-30,5880.5,6599.0,5857.76,6394.38,5880.5,6599.0,5857.76,6394.38,118889.549992,118889.549992
2020-03-29,6236.65,6266.0,5866.56,5881.42,6236.65,6266.0,5866.56,5881.42,63311.627714,63311.627714
2020-03-28,6359.11,6360.0,6024.0,6236.65,6359.11,6360.0,6024.0,6236.65,93159.693429,93159.693429
2020-03-27,6737.27,6842.59,6261.0,6359.11,6737.27,6842.59,6261.0,6359.11,82914.968354,82914.968354
2020-03-26,6677.42,6780.0,6510.0,6737.36,6677.42,6780.0,6510.0,6737.36,83026.555211,83026.555211
2020-03-25,6744.69,6957.96,6450.0,6677.43,6744.69,6957.96,6450.0,6677.43,132155.734989,132155.734989
2020-03-24,6465.25,6833.0,6371.33,6744.72,6465.25,6833.0,6371.33,6744.72,151138.009878,151138.009878
2020-03-23,5816.05,6600.0,5688.0,6467.31,5816.05,6600.0,5688.0,6467.31,164674.215785,164674.215785
2020-03-22,6187.04,6407.87,5734.01,5816.19,6187.04,6407.87,5734.01,5816.19,119115.990527,119115.990527
2020-03-21,6204.57,6456.98,5860.02,6186.98,6204.57,6456.98,5860.02,6186.98,128913.668363,128913.668363
2020-03-20,6162.05,6900.0,5670.0,6208.36,6162.05,6900.0,5670.0,6208.36,219298.329514,219298.329514
2020-03-19,5393.26,6400.0,5252.53,6162.37,5393.26,6400.0,5252.53,6162.37,199020.873439,199020.873439
2020-03-18,5312.64,5436.17,5009.37,5393.04,5312.64,5436.17,5009.37,5393.04,137127.634894,137127.634894
2020-03-17,5028.86,5525.0,4921.45,5312.64,5028.86,5525.0,4921.45,5312.64,150089.926318,150089.926318
2020-03-16,5360.33,5365.42,4442.12,5028.97,5360.33,5365.42,4442.12,5028.97,227276.92276,227276.92276
2020-03-15,5172.48,5940.0,5093.1,5361.3,5172.48,5940.0,5093.1,5361.3,139916.146534,139916.146534
2020-03-14,5576.05,5640.52,5055.13,5172.06,5576.05,5640.52,5055.13,5172.06,136910.135974,136910.135974
2020-03-13,4800.01,5955.0,3782.13,5578.6,4800.01,5955.0,3782.13,5578.6,402201.673764,402201.673764
2020-03-12,7934.58,7966.17,4410.0,4800.0,7934.58,7966.17,4410.0,4800.0,261505.608653,261505.608653
2020-03-11,7894.57,7980.0,7590.0,7934.52,7894.57,7980.0,7590.0,7934.52,79942.411172,79942.411172
2020-03-10,7929.87,8149.0,7728.01,7894.56,7929.87,8149.0,7728.01,7894.56,86783.443875,86783.443875
2020-03-09,8034.76,8179.31,7632.01,7929.87,8034.76,8179.31,7632.01,7929.87,116968.863268,116968.863268
2020-03-08,8885.25,8886.76,8000.0,8033.31,8885.25,8886.76,8000.0,8033.31,77537.315166,77537.315166
2020-03-07,9130.89,9188.0,8835.0,8886.66,9130.89,9188.0,8835.0,8886.66,45422.204525,45422.204525
2020-03-06,9054.64,9170.0,8985.5,9131.88,9054.64,9170.0,8985.5,9131.88,43782.948044,43782.948044
2020-03-05,8750.99,9159.42,8746.54,9054.68,8750.99,9159.42,8746.54,9054.68,58201.866355,58201.866355
2020-03-04,8760.07,8848.29,8660.0,8750.87,8760.07,8848.29,8660.0,8750.87,38696.482578,38696.482578
2020-03-03,8911.18,8919.65,8651.0,8760.07,8911.18,8919.65,8651.0,8760.07,55154.997282,55154.997282
2020-03-02,8530.3,8965.75,8498.0,8915.24,8530.3,8965.75,8498.0,8915.24,60401.31773,60401.31773
2020-03-01,8523.61,8750.0,8411.0,8531.88,8523.61,8750.0,8411.0,8531.88,43892.201779,43892.201779
2020-02-29,8690.8,8790.0,8523.55,8523.61,8690.8,8790.0,8523.55,8523.61,36748.183035,36748.183035
2020-02-28,8823.25,8900.0,8445.0,8692.91,8823.25,8900.0,8445.0,8692.91,71155.208977,71155.208977
2020-02-27,8786.0,8971.77,8531.0,8823.21,8786.0,8971.77,8531.0,8823.21,72483.578762,72483.578762
2020-02-26,9316.48,9377.44,8633.63,8785.25,9316.48,9377.44,8633.63,8785.25,92130.345482,92130.345482
2020-02-25,9655.52,9675.0,9250.0,9315.84,9655.52,9675.0,9250.0,9315.84,54379.344552,54379.344552
2020-02-24,9936.4,9990.0,9473.56,9656.13,9936.4,9990.0,9473.56,9656.13,55796.59612,55796.59612
2020-02-23,9650.85,9990.0,9645.0,9936.4,9650.85,9990.0,9645.0,9936.4,37702.089843,37702.089843
2020-02-22,9677.05,9709.17,9560.02,9650.86,9677.05,9709.17,9560.02,9650.86,24636.757623,24636.757623
2020-02-21,9597.21,9755.51,9550.21,9677.05,9597.21,9755.51,9550.21,9677.05,42181.554524,42181.554524
2020-02-20,9594.65,9699.0,9400.0,9596.42,9594.65,9699.0,9400.0,9596.42,60152.342914,60152.342914
2020-02-19,10164.78,10250.0,9350.0,9593.79,10164.78,10250.0,9350.0,9593.79,55162.586895,55162.586895
2020-02-18,9706.0,10250.0,9576.01,10164.71,9706.0,10250.0,9576.01,10164.71,70604.124019,70604.124019
2020-02-17,9910.7,9964.16,9452.67,9706.0,9910.7,9964.16,9452.67,9706.0,70261.011901,70261.011901
2020-02-16,9904.46,10050.0,9638.12,9917.27,9904.46,10050.0,9638.12,9917.27,60023.999537,60023.999537
2020-02-15,10344.36,10375.0,9801.0,9904.72,10344.36,10375.0,9801.0,9904.72,57657.202947,57657.202947
2020-02-14,10227.78,10381.56,10111.37,10344.36,10227.78,10381.56,10111.37,10344.36,47038.480173,47038.480173
2020-02-13,10325.33,10500.0,10080.0,10229.63,10325.33,10500.0,10080.0,10229.63,79344.358759,79344.358759
2020-02-12,10223.08,10450.0,10223.08,10326.46,10223.08,10450.0,10223.08,10326.46,61008.06393,61008.06393
2020-02-11,9851.74,10323.59,9700.0,10223.08,9851.74,10323.59,9700.0,10223.08,62422.395224,62422.395224
2020-02-10,10151.72,10188.0,9756.0,9851.83,10151.72,10188.0,9756.0,9851.83,59573.084619,59573.084619
2020-02-09,9895.04,10166.0,9880.75,10151.75,9895.04,10166.0,9880.75,10151.75,43408.475616,43408.475616
2020-02-08,9813.87,9940.0,9667.11,9895.05,9813.87,9940.0,9667.11,9895.05,43600.843666,43600.843666
2020-02-07,9772.0,9885.0,9730.0,9813.73,9772.0,9885.0,9730.0,9813.73,43966.114632,43966.114632
2020-02-06,9612.03,9862.57,9526.35,9772.0,9612.03,9862.57,9526.35,9772.0,64949.706588,64949.706588
2020-02-05,9197.02,9744.45,9177.22,9612.04,9197.02,9744.45,9177.22,9612.04,64870.415615,64870.415615
2020-02-04,9291.35,9350.0,9093.01,9197.02,9291.35,9350.0,9093.01,9197.02,53308.175266,53308.175266
2020-02-03,9331.59,9618.79,9234.0,9292.24,9331.59,9618.79,9234.0,9292.24,50892.133451,50892.133451
2020-02-02,9384.41,9477.03,9120.0,9331.51,9384.41,9477.03,9120.0,9331.51,45690.91254,45690.91254
2020-02-01,9351.71,9464.53,9281.0,9384.61,9351.71,9464.53,9281.0,9384.61,28578.067354,28578.067354
2020-01-31,9511.52,9530.22,9210.01,9352.89,9511.52,9530.22,9210.01,9352.89,45552.022352,45552.022352
2020-01-30,9301.57,9578.0,9204.44,9513.21,9301.57,9578.0,9204.44,9513.21,60626.744259,60626.744259
2020-01-29,9375.34,9449.24,9216.0,9301.53,9375.34,9449.24,9216.0,9301.53,53864.065122,53864.065122
2020-01-28,8907.57,9400.0,8862.4,9374.21,8907.57,9400.0,8862.4,9374.21,74584.853765,74584.853765
2020-01-27,8614.39,9000.0,8535.0,8907.57,8614.39,9000.0,8535.0,8907.57,53973.542996,53973.542996
2020-01-26,8340.01,8618.13,8293.66,8615.0,8340.01,8618.13,8293.66,8615.0,31130.485164,31130.485164
2020-01-25,8438.99,8451.26,8254.9,8340.58,8438.99,8451.26,8254.9,8340.58,25521.157932,25521.157932
2020-01-24,8404.52,8528.02,8238.0,8439.0,8404.52,8528.02,8238.0,8439.0,41687.529529,41687.529529
2020-01-23,8682.77,8691.81,8306.39,8404.52,8682.77,8691.81,8306.39,8404.52,48165.944597,48165.944597
2020-01-22,8736.04,8818.0,8590.0,8682.36,8736.04,8818.0,8590.0,8682.36,29080.557138,29080.557138
2020-01-21,8642.35,8789.0,8488.0,8736.03,8642.35,8789.0,8488.0,8736.03,36494.687659,36494.687659
2020-01-20,8701.72,8746.99,8521.28,8642.35,8701.72,8746.99,8521.28,8642.35,38896.639746,38896.639746
2020-01-19,8915.09,9198.98,8466.0,8701.7,8915.09,9198.98,8466.0,8701.7,70676.889259,70676.889259
2020-01-18,8913.27,8988.88,8806.38,8915.96,8913.27,8988.88,8806.38,8915.96,38294.746545,38294.746545
2020-01-17,8720.15,9041.65,8672.44,8913.28,8720.15,9041.65,8672.44,8913.28,70897.737377,70897.737377
2020-01-16,8820.01,8859.81,8586.0,8720.01,8820.01,8859.81,8586.0,8720.01,51991.074284,51991.074284
2020-01-15,8814.64,8916.48,8564.0,8821.41,8814.64,8916.48,8564.0,8821.41,84816.297606,84816.297606
2020-01-14,8110.34,8880.0,8105.54,8810.01,8110.34,8880.0,8105.54,8810.01,120399.126742,120399.126742
2020-01-13,8184.97,8196.0,8055.89,8110.34,8184.97,8196.0,8055.89,8110.34,31159.755683,31159.755683
2020-01-12,8020.01,8197.0,7960.0,8184.98,8020.01,8197.0,7960.0,8184.98,38131.494336,38131.494336
2020-01-11,8198.86,8286.34,8003.16,8020.01,8198.86,8286.34,8003.16,8020.01,54810.032667,54810.032667
2020-01-10,7817.74,8199.0,7672.0,8197.02,7817.74,8199.0,7672.0,8197.02,82406.777448,82406.777448
2020-01-09,8054.72,8055.96,7750.0,7817.76,8054.72,8055.96,7750.0,7817.76,64239.51983,64239.51983
2020-01-08,8145.92,8455.0,7870.0,8055.98,8145.92,8455.0,7870.0,8055.98,112622.64264,112622.64264
2020-01-07,7758.9,8207.68,7723.71,8145.28,7758.9,8207.68,7723.71,8145.28,91171.684661,91171.684661
2020-01-06,7357.64,7795.34,7346.76,7758.0,7357.64,7795.34,7346.76,7758.0,54635.695316,54635.695316
2020-01-05,7354.19,7495.0,7318.0,7358.75,7354.19,7495.0,7318.0,7358.75,38331.085604,38331.085604
2020-01-04,7345.0,7404.0,7272.21,7354.11,7345.0,7404.0,7272.21,7354.11,29987.974977,29987.974977
2020-01-03,6965.49,7405.0,6871.04,7344.96,6965.49,7405.0,6871.04,7344.96,68428.500451,68428.500451
2020-01-02,7200.77,7212.5,6924.74,6965.71,7200.77,7212.5,6924.74,6965.71,31951.483932,31951.483932
2020-01-01,7195.24,7255.0,7175.15,7200.85,7195.24,7255.0,7175.15,7200.85,16792.388165,16792.388165
2019-12-31,7246.0,7320.0,7145.01,7195.23,7246.0,7320.0,7145.01,7195.23,25954.453533,25954.453533
2019-12-30,7388.43,7408.24,7220.0,7246.0,7388.43,7408.24,7220.0,7246.0,29605.911782,29605.911782
2019-12-29,7315.36,7528.45,7288.0,7388.24,7315.36,7528.45,7288.0,7388.24,31387.106085,31387.106085
2019-12-28,7254.77,7365.01,7238.67,7316.14,7254.77,7365.01,7238.67,7316.14,26848.982199,26848.982199
2019-12-27,7202.0,7275.86,7076.42,7254.74,7202.0,7275.86,7076.42,7254.74,33642.701861,33642.701861
2019-12-26,7205.01,7435.0,7157.12,7202.0,7205.01,7435.0,7157.12,7202.0,36259.761076,36259.761076
2019-12-25,7255.77,7271.77,7128.86,7204.63,7255.77,7271.77,7128.86,7204.63,27492.044323,27492.044323
2019-12-24,7317.3,7436.68,7157.04,7255.77,7317.3,7436.68,7157.04,7255.77,43629.494188,43629.494188
2019-12-23,7500.71,7695.38,7265.84,7317.09,7500.71,7695.38,7265.84,7317.09,68051.997203,68051.997203
2019-12-22,7131.59,7518.54,7122.47,7501.44,7131.59,7518.54,7122.47,7501.44,39137.45515,39137.45515
2019-12-21,7188.01,7190.58,7105.0,7132.75,7188.01,7190.58,7105.0,7132.75,19467.174028,19467.174028
2019-12-20,7151.31,7220.0,7079.5,7187.83,7151.31,7220.0,7079.5,7187.83,32132.069205,32132.069205
2019-12-19,7277.83,7380.0,7038.31,7150.3,7277.83,7380.0,7038.31,7150.3,55509.049075,55509.049075
2019-12-18,6623.84,7440.0,6435.0,7277.83,6623.84,7440.0,6435.0,7277.83,95636.651251,95636.651251
2019-12-17,6891.44,6942.21,6560.0,6623.82,6891.44,6942.21,6560.0,6623.82,53865.069929,53865.069929
2019-12-16,7119.6,7150.0,6836.0,6891.72,7119.6,7150.0,6836.0,6891.72,43863.993059,43863.993059
2019-12-15,7064.14,7200.3,7008.35,7118.59,7064.14,7200.3,7008.35,7118.59,26395.778137,26395.778137
2019-12-14,7257.37,7271.77,7012.0,7064.05,7257.37,7271.77,7012.0,7064.05,29561.985967,29561.985967
2019-12-13,7197.76,7309.05,7190.76,7258.48,7197.76,7309.05,7190.76,7258.48,27609.873795,27609.873795
2019-12-12,7210.0,7295.0,7080.3,7198.08,7210.0,7295.0,7080.3,7198.08,42288.600932,42288.600932
2019-12-11,7224.15,7275.5,7125.66,7210.0,7224.15,7275.5,7125.66,7210.0,30093.091944,30093.091944
2019-12-10,7338.64,7407.6,7157.1,7224.13,7338.64,7407.6,7157.1,7224.13,49723.76214,49723.76214
2019-12-09,7510.11,7650.0,7273.0,7338.64,7510.11,7650.0,7273.0,7338.64,46621.887493,46621.887493
2019-12-08,7487.31,7564.0,7374.86,7510.11,7487.31,7564.0,7374.86,7510.11,29856.897631,29856.897631
2019-12-07,7527.8,7619.62,7470.16,7488.21,7527.8,7619.62,7470.16,7488.21,31498.684173,31498.684173
2019-12-06,7389.0,7590.03,7305.0,7527.47,7389.0,7590.03,7305.0,7527.47,48189.087944,48189.087944
2019-12-05,7194.59,7485.0,7150.0,7389.0,7194.59,7485.0,7150.0,7389.0,59306.678855,59306.678855
2019-12-04,7292.71,7750.0,7067.0,7194.32,7292.71,7750.0,7067.0,7194.32,83147.149142,83147.149142
2019-12-03,7294.42,7400.0,7241.35,7292.71,7294.42,7400.0,7241.35,7292.71,33149.477487,33149.477487
2019-12-02,7391.5,7420.56,7151.1,7294.28,7391.5,7420.56,7151.1,7294.28,46330.25604,46330.25604
2019-12-01,7540.63,7541.85,7210.0,7390.89,7540.63,7541.85,7210.0,7390.89,60769.342313,60769.342313
2019-11-30,7740.99,7810.0,7441.0,7541.89,7740.99,7810.0,7441.0,7541.89,46989.433619,46989.433619
2019-11-29,7418.52,7850.0,7362.3,7739.68,7418.52,7850.0,7362.3,7739.68,60745.300873,60745.300873
2019-11-28,7507.9,7643.0,7360.0,7419.49,7507.9,7643.0,7360.0,7419.49,56933.981109,56933.981109
2019-11-27,7154.75,7655.0,6840.0,7508.52,7154.75,7655.0,6840.0,7508.52,92452.87349,92452.87349
2019-11-26,7109.99,7340.0,7017.48,7156.14,7109.99,7340.0,7017.48,7156.14,65722.39769,65722.39769
2019-11-25,6900.23,7377.69,6515.0,7109.57,6900.23,7377.69,6515.0,7109.57,119645.735197,119645.735197
2019-11-24,7311.1,7330.39,6861.0,6903.28,7311.1,7330.39,6861.0,6903.28,67890.206483,67890.206483
2019-11-23,7268.23,7344.48,7080.01,7311.57,7268.23,7344.48,7080.01,7311.57,50449.894755,50449.894755
2019-11-22,7627.79,7750.0,6790.0,7268.23,7627.79,7750.0,6790.0,7268.23,126603.140259,126603.140259
2019-11-21,8098.56,8134.73,7500.0,7627.74,8098.56,8134.73,7500.0,7627.74,58418.780261,58418.780261
2019-11-20,8133.83,8264.29,8038.4,8098.01,8133.83,8264.29,8038.4,8098.01,32466.23098,32466.23098
2019-11-19,8186.5,8218.63,8003.0,8133.64,8186.5,8218.63,8003.0,8133.64,43556.061025,43556.061025
2019-11-18,8502.87,8503.52,8060.0,8187.17,8502.87,8503.52,8060.0,8187.17,43017.69094,43017.69094
2019-11-17,8490.74,8635.0,8350.68,8502.4,8490.74,8635.0,8350.68,8502.4,27009.037082,27009.037082
2019-11-16,8471.62,8543.0,8400.0,8491.02,8471.62,8543.0,8400.0,8491.02,20902.299752,20902.299752
2019-11-15,8646.38,8790.0,8400.0,8471.73,8646.38,8790.0,8400.0,8471.73,46087.417751,46087.417751
2019-11-14,8777.54,8800.0,8582.6,8646.68,8777.54,8800.0,8582.6,8646.68,33468.468961,33468.468961
2019-11-13,8821.91,8844.99,8702.0,8777.12,8821.91,8844.99,8702.0,8777.12,26810.116918,26810.116918
2019-11-12,8733.36,8888.0,8567.6,8821.94,8733.36,8888.0,8567.6,8821.94,40366.629471,40366.629471
2019-11-11,9040.16,9072.32,8618.68,8733.27,9040.16,9072.32,8618.68,8733.27,44888.053545,44888.053545
2019-11-10,8809.18,9147.19,8750.0,9039.47,8809.18,9147.19,8750.0,9039.47,34422.029797,34422.029797
2019-11-09,8773.74,8880.0,8724.88,8809.41,8773.74,8880.0,8724.88,8809.41,29469.481405,29469.481405
2019-11-08,9214.0,9261.0,8696.0,8773.73,9214.0,9261.0,8696.0,8773.73,62107.289243,62107.289243
2019-11-07,9339.16,9375.0,9101.0,9216.2,9339.16,9375.0,9101.0,9216.2,39117.470853,39117.470853
2019-11-06,9307.73,9440.91,9250.01,9339.05,9307.73,9440.91,9250.01,9339.05,37336.170372,37336.170372
2019-11-05,9392.4,9454.95,9175.76,9308.66,9392.4,9454.95,9175.76,9308.66,45935.873665,45935.873665
2019-11-04,9196.46,9513.68,9115.84,9393.35,9196.46,9513.68,9115.84,9393.35,45894.456277,45894.456277
2019-11-03,9289.85,9362.57,9066.14,9194.71,9289.85,9362.57,9066.14,9194.71,27894.378279,27894.378279
2019-11-02,9231.4,9373.74,9186.21,9289.52,9231.4,9373.74,9186.21,9289.52,28923.060828,28923.060828
2019-11-01,9140.86,9279.0,9030.0,9231.61,9140.86,9279.0,9030.0,9231.61,43594.814115,43594.814115
2019-10-31,9154.02,9405.0,8913.0,9140.85,9154.02,9405.0,8913.0,9140.85,54376.024902,54376.024902
2019-10-30,9407.62,9409.84,9001.01,9154.72,9407.62,9409.84,9001.01,9154.72,55241.786434,55241.786434
2019-10-29,9204.45,9550.0,9072.0,9407.62,9204.45,9550.0,9072.0,9407.62,64158.462446,64158.462446
2019-10-28,9528.23,9902.1,9160.0,9205.14,9528.23,9902.1,9160.0,9205.14,80174.217323,80174.217323
2019-10-27,9230.0,9794.98,9074.34,9529.93,9230.0,9794.98,9074.34,9529.93,93833.541604,93833.541604
2019-10-26,8655.88,10370.0,8470.38,9230.0,8655.88,10370.0,8470.38,9230.0,162588.585413,162588.585413
2019-10-25,7412.41,8799.0,7361.0,8655.02,7412.41,8799.0,7361.0,8655.02,90748.218174,90748.218174
2019-10-24,7468.47,7503.68,7337.99,7412.41,7468.47,7503.68,7337.99,7412.41,32714.383265,32714.383265
2019-10-23,8020.06,8047.59,7300.0,7466.62,8020.06,8047.59,7300.0,7466.62,63897.457098,63897.457098
2019-10-22,8197.28,8297.99,8000.0,8020.0,8197.28,8297.99,8000.0,8020.0,34651.828663,34651.828663
2019-10-21,8223.35,8333.0,8142.03,8197.27,8223.35,8333.0,8142.03,8197.27,30448.679539,30448.679539
2019-10-20,7949.87,8297.0,7870.0,8223.35,7949.87,8297.0,7870.0,8223.35,34286.452654,34286.452654
2019-10-19,7946.89,8098.1,7866.92,7948.01,7946.89,8098.1,7866.92,7948.01,26627.889388,26627.889388
2019-10-18,8070.71,8115.0,7816.01,7947.01,8070.71,8115.0,7816.01,7947.01,31353.181416,31353.181416
2019-10-17,7995.02,8124.92,7929.03,8070.58,7995.02,8124.92,7929.03,8070.58,29656.949158,29656.949158
2019-10-16,8159.3,8181.16,7917.0,7991.74,8159.3,8181.16,7917.0,7991.74,34733.593966,34733.593966
2019-10-15,8346.86,8403.0,8090.0,8159.29,8346.86,8403.0,8090.0,8159.29,32773.062476,32773.062476
2019-10-14,8275.24,8388.85,8203.0,8348.2,8275.24,8388.85,8203.0,8348.2,29810.663253,29810.663253
2019-10-13,8301.98,8451.37,8160.0,8275.01,8301.98,8451.37,8160.0,8275.01,27840.739953,27840.739953
2019-10-12,8257.95,8400.0,8250.0,8300.09,8257.95,8400.0,8250.0,8300.09,21339.334098,21339.334098
2019-10-11,8557.82,8779.51,8212.38,8258.5,8557.82,8779.51,8212.38,8258.5,50405.284418,50405.284418
2019-10-10,8562.15,8644.0,8414.52,8558.03,8562.15,8644.0,8414.52,8558.03,39137.946167,39137.946167
2019-10-09,8170.79,8670.0,8115.0,8560.74,8170.79,8670.0,8115.0,8560.74,55038.704378,55038.704378
2019-10-08,8190.82,8325.0,8088.75,8168.39,8190.82,8325.0,8088.75,8168.39,35452.657423,35452.657423
2019-10-07,7855.3,8299.92,7762.0,8190.09,7855.3,8299.92,7762.0,8190.09,52202.072297,52202.072297
2019-10-06,8127.55,8153.87,7785.0,7854.25,8127.55,8153.87,7785.0,7854.25,34676.104049,34676.104049
2019-10-05,8137.09,8183.41,8012.98,8126.19,8137.09,8183.41,8012.98,8126.19,21907.615564,21907.615564
2019-10-04,8224.43,8232.41,8005.0,8137.13,8224.43,8232.41,8005.0,8137.13,26476.330404,26476.330404
2019-10-03,8360.0,8393.0,8060.0,8223.96,8360.0,8393.0,8060.0,8223.96,30488.284058,30488.284058
2019-10-02,8292.67,8373.91,8151.22,8359.94,8292.67,8373.91,8151.22,8359.94,26243.386644,26243.386644
2019-10-01,8289.97,8500.0,8173.05,8292.44,8289.97,8500.0,8173.05,8292.44,43472.418091,43472.418091
2019-09-30,8043.04,8337.26,7710.0,8289.34,8043.04,8337.26,7710.0,8289.34,55865.48726,55865.48726
2019-09-29,8199.38,8229.13,7890.0,8043.82,8199.38,8229.13,7890.0,8043.82,31544.211388,31544.211388
2019-09-28,8177.47,8315.0,8001.09,8198.81,8177.47,8315.0,8001.09,8198.81,34473.605165,34473.605165
2019-09-27,8063.49,8265.0,7852.15,8177.91,8063.49,8265.0,7852.15,8177.91,43882.924625,43882.924625
2019-09-26,8430.05,8465.99,7750.0,8063.73,8430.05,8465.99,7750.0,8063.73,67930.853749,67930.853749
2019-09-25,8497.55,8730.0,8215.64,8430.05,8497.55,8730.0,8215.64,8430.05,60783.892258,60783.892258
2019-09-24,9702.2,9794.99,7800.0,8493.14,9702.2,9794.99,7800.0,8493.14,94007.345203,94007.345203
2019-09-23,10028.05,10049.99,9615.77,9702.25,10028.05,10049.99,9615.77,9702.25,31937.232356,31937.232356
2019-09-22,9985.15,10089.0,9853.97,10028.87,9985.15,10089.0,9853.97,10028.87,22049.275256,22049.275256
2019-09-21,10167.92,10176.7,9900.0,9986.39,10167.92,10176.7,9900.0,9986.39,20544.175196,20544.175196
2019-09-20,10243.7,10281.0,10061.39,10168.59,10243.7,10281.0,10061.39,10168.59,25088.491069,25088.491069
2019-09-19,10156.41,10325.0,9653.0,10244.29,10156.41,10325.0,9653.0,10244.29,44826.282579,44826.282579
2019-09-18,10187.48,10258.02,10100.0,10156.99,10187.48,10258.02,10100.0,10156.99,24250.249303,24250.249303
2019-09-17,10249.68,10275.0,10128.01,10187.82,10249.68,10275.0,10128.01,10187.82,22914.324563,22914.324563
2019-09-16,10303.34,10355.0,10078.0,10251.31,10303.34,10355.0,10078.0,10251.31,28971.401657,28971.401657
2019-09-15,10332.81,10360.0,10252.15,10302.01,10332.81,10360.0,10252.15,10302.01,18047.654013,18047.654013
2019-09-14,10344.13,10419.99,10222.33,10335.02,10344.13,10419.99,10222.33,10335.02,23621.533519,23621.533519
2019-09-13,10415.01,10439.0,10153.0,10342.06,10415.01,10439.0,10153.0,10342.06,30280.339776,30280.339776
2019-09-12,10158.75,10448.81,10040.0,10415.01,10158.75,10448.81,10040.0,10415.01,34511.162755,34511.162755
2019-09-11,10098.19,10293.0,9880.0,10158.33,10098.19,10293.0,9880.0,10158.33,31953.824562,31953.824562
2019-09-10,10302.58,10384.99,9953.0,10098.15,10302.58,10384.99,9953.0,10098.15,28915.412225,28915.412225
2019-09-09,10381.24,10480.0,10068.5,10303.12,10381.24,10480.0,10068.5,10303.12,39835.727608,39835.727608
2019-09-08,10455.9,10592.5,10208.0,10381.18,10455.9,10592.5,10208.0,10381.18,23984.672018,23984.672018
2019-09-07,10298.71,10558.0,10288.57,10455.88,10298.71,10558.0,10288.57,10455.88,27637.877392,27637.877392
2019-09-06,10563.13,10905.87,10150.0,10298.73,10563.13,10905.87,10150.0,10298.73,58799.640959,58799.640959
2019-09-05,10565.92,10900.0,10450.0,10564.49,10565.92,10900.0,10450.0,10564.49,33970.960639,33970.960639
2019-09-04,10611.85,10799.0,10369.89,10567.02,10611.85,10799.0,10369.89,10567.02,43943.889026,43943.889026
2019-09-03,10340.0,10773.0,10272.0,10615.28,10340.0,10773.0,10272.0,10615.28,47998.376781,47998.376781
2019-09-02,9723.59,10450.0,9712.5,10340.0,9723.59,10450.0,9712.5,10340.0,44740.248093,44740.248093
2019-09-01,9588.74,9830.0,9520.0,9724.98,9588.74,9830.0,9520.0,9724.98,19545.404843,19545.404843
2019-08-31,9582.76,9684.51,9420.75,9587.47,9582.76,9684.51,9420.75,9587.47,17130.290074,17130.290074
2019-08-30,9499.01,9696.0,9350.41,9584.54,9499.01,9696.0,9350.41,9584.54,26834.318104,26834.318104
2019-08-29,9721.0,9724.0,9320.0,9498.44,9721.0,9724.0,9320.0,9498.44,35532.69491,35532.69491
2019-08-28,10185.69,10299.0,9601.01,9721.0,10185.69,10299.0,9601.01,9721.0,42110.555375,42110.555375
2019-08-27,10373.6,10391.08,10051.08,10185.05,10373.6,10391.08,10051.08,10185.05,28402.775383,28402.775383
2019-08-26,10142.69,10604.0,10137.93,10372.25,10142.69,10604.0,10137.93,10372.25,41687.511599,41687.511599
2019-08-25,10134.61,10333.0,9906.97,10142.69,10134.61,10333.0,9906.97,10142.69,26271.657398,26271.657398
2019-08-24,10388.16,10419.42,9890.0,10134.35,10388.16,10419.42,9890.0,10134.35,27692.456844,27692.456844
2019-08-23,10099.9,10445.0,10019.79,10389.55,10099.9,10445.0,10019.79,10389.55,27550.336173,27550.336173
2019-08-22,10140.82,10242.0,9762.0,10099.88,10140.82,10242.0,9762.0,10099.88,34059.642738,34059.642738
2019-08-21,10760.51,10804.13,9858.0,10142.57,10760.51,10804.13,9858.0,10142.57,47355.719282,47355.719282
2019-08-20,10914.73,10949.96,10560.0,10760.51,10914.73,10949.96,10560.0,10760.51,32298.921679,32298.921679
2019-08-19,10306.17,10930.0,10258.6,10915.54,10306.17,10930.0,10258.6,10915.54,37243.319217,37243.319217
2019-08-18,10216.05,10500.0,10080.0,10306.78,10216.05,10500.0,10080.0,10306.78,24085.395172,24085.395172
2019-08-17,10331.15,10465.14,10000.0,10216.02,10331.15,10465.14,10000.0,10216.02,29000.581201,29000.581201
2019-08-16,10296.77,10536.03,9750.0,10331.54,10296.77,10536.03,9750.0,10331.54,51758.142918,51758.142918
2019-08-15,10055.16,10460.0,9911.0,10293.93,10055.16,10460.0,9911.0,10293.93,38174.45112,38174.45112
2019-08-14,10893.36,10897.48,9928.1,10050.37,10893.36,10897.48,9928.1,10050.37,54451.847499,54451.847499
2019-08-13,11398.35,11456.16,10788.45,10892.71,11398.35,11456.16,10788.45,10892.71,33234.72968,33234.72968
2019-08-12,11539.08,11577.89,11235.32,11396.08,11539.08,11577.89,11235.32,11396.08,17568.227075,17568.227075
2019-08-11,11309.24,11600.0,11112.11,11549.97,11309.24,11600.0,11112.11,11549.97,26772.90691,26772.90691
2019-08-10,11879.98,11985.0,11270.0,11309.31,11879.98,11985.0,11270.0,11309.31,42633.087048,42633.087048
2019-08-09,11994.17,12045.68,11700.0,11879.99,11994.17,12045.68,11700.0,11879.99,39427.152588,39427.152588
2019-08-08,11975.04,12060.0,11521.0,11999.77,11975.04,12060.0,11521.0,11999.77,51207.257174,51207.257174
2019-08-07,11481.69,12141.17,11382.84,11975.03,11481.69,12141.17,11382.84,11975.03,69173.390353,69173.390353
2019-08-06,11830.0,12330.7,11226.7,11481.69,11830.0,12330.7,11226.7,11481.69,76705.389875,76705.389875
2019-08-05,10929.99,11937.52,10927.8,11828.8,10929.99,11937.52,10927.8,11828.8,65153.673713,65153.673713
2019-08-04,10816.86,11040.0,10552.0,10929.23,10816.86,11040.0,10552.0,10929.23,39924.745141,39924.745141
2019-08-03,10523.75,10904.77,10497.93,10816.86,10523.75,10904.77,10497.93,10816.86,33802.318824,33802.318824
2019-08-02,10375.0,10670.0,10281.35,10523.75,10375.0,10670.0,10281.35,10523.75,42990.444221,42990.444221
2019-08-01,10080.53,10467.86,9863.46,10374.99,10080.53,10467.86,9863.46,10374.99,41727.637028,41727.637028
2019-07-31,9575.0,10109.8,9555.0,10080.53,9575.0,10109.8,9555.0,10080.53,39515.35456,39515.35456
2019-07-30,9509.07,9714.28,9402.0,9574.21,9509.07,9714.28,9402.0,9574.21,32536.368834,32536.368834
2019-07-29,9541.54,9729.0,9395.0,9507.64,9541.54,9729.0,9395.0,9507.64,29021.937411,29021.937411
2019-07-28,9478.92,9594.99,9165.0,9541.54,9478.92,9594.99,9165.0,9541.54,29401.022937,29401.022937
2019-07-27,9824.0,10188.66,9333.0,9476.52,9824.0,10188.66,9333.0,9476.52,43809.778301,43809.778301
2019-07-26,9882.15,9889.98,9637.0,9824.0,9882.15,9889.98,9637.0,9824.0,27167.463217,27167.463217
2019-07-25,9763.4,10175.0,9720.03,9879.87,9763.4,10175.0,9720.03,9879.87,37873.354728,37873.354728
2019-07-24,9864.78,9937.0,9525.0,9763.28,9864.78,9937.0,9525.0,9763.28,43475.380377,43475.380377
2019-07-23,10343.08,10343.97,9822.0,9864.91,10343.08,10343.97,9822.0,9864.91,47624.37071,47624.37071
2019-07-22,10590.15,10683.16,10100.0,10340.31,10590.15,10683.16,10100.0,10340.31,40467.954839,40467.954839
2019-07-21,10740.27,10817.9,10288.0,10589.45,10740.27,10817.9,10288.0,10589.45,38834.287935,38834.287935
2019-07-20,10505.78,11068.99,10350.0,10740.23,10505.78,11068.99,10350.0,10740.23,47331.899848,47331.899848
2019-07-19,10628.64,10769.71,10121.84,10504.29,10628.64,10769.71,10121.84,10504.29,56546.932133,56546.932133
2019-07-18,9668.86,10788.0,9252.0,10627.16,9668.86,10788.0,9252.0,10627.16,80283.310252,80283.310252
2019-07-17,9430.17,9957.0,9060.0,9667.92,9430.17,9957.0,9060.0,9667.92,84942.672717,84942.672717
2019-07-16,10833.78,11028.0,9350.01,9439.59,10833.78,11028.0,9350.01,9439.59,97219.443413,97219.443413
2019-07-15,10174.18,11100.0,9860.0,10838.72,10174.18,11100.0,9860.0,10838.72,81922.426332,81922.426332
2019-07-14,11355.78,11452.0,10103.0,10174.18,11355.78,11452.0,10103.0,10174.18,72517.579236,72517.579236
2019-07-13,11757.22,11799.98,10830.0,11355.76,11757.22,11799.98,10830.0,11355.76,54245.594548,54245.594548
2019-07-12,11342.88,11885.0,11073.0,11757.22,11342.88,11885.0,11073.0,11757.22,56321.858281,56321.858281
2019-07-11,12108.11,12111.73,11000.0,11342.89,12108.11,12111.73,11000.0,11342.89,87506.461058,87506.461058
2019-07-10,12548.51,13147.08,11569.0,12108.37,12548.51,13147.08,11569.0,12108.37,109246.044997,109246.044997
2019-07-09,12238.6,12794.73,12068.0,12543.41,12238.6,12794.73,12068.0,12543.41,78442.130343,78442.130343
2019-07-08,11410.0,12338.03,11220.0,12238.6,11410.0,12338.03,11220.0,12238.6,52182.367215,52182.367215
2019-07-07,11256.45,11538.0,11094.37,11406.24,11256.45,11538.0,11094.37,11406.24,38884.795599,38884.795599
2019-07-06,10982.41,11665.0,10964.51,11256.49,10982.41,11665.0,10964.51,11256.49,51469.496331,51469.496331
2019-07-05,11145.67,11406.83,10796.44,10970.73,11145.67,11406.83,10796.44,10970.73,63534.350582,63534.350582
2019-07-04,11940.0,12000.0,11055.0,11145.67,11940.0,12000.0,11055.0,11145.67,66512.221892,66512.221892
2019-07-03,10844.98,11991.89,10841.04,11940.0,10844.98,11991.89,10841.04,11940.0,96815.90029,96815.90029
2019-07-02,10624.9,10938.75,9727.0,10842.85,10624.9,10938.75,9727.0,10842.85,109561.038728,109561.038728
2019-07-01,10854.1,11282.28,10030.0,10624.93,10854.1,11282.28,10030.0,10624.93,90962.268271,90962.268271
2019-06-30,11903.13,12180.0,10766.03,10854.1,11903.13,12180.0,10766.03,10854.1,84512.530443,84512.530443
2019-06-29,12407.06,12441.54,11475.02,11903.13,12407.06,12441.54,11475.02,11903.13,69642.074157,69642.074157
2019-06-28,11329.99,12480.0,10982.88,12400.63,11329.99,12480.0,10982.88,12400.63,95795.203964,95795.203964
2019-06-27,13098.38,13478.04,10525.1,11329.99,13098.38,13478.04,10525.1,11329.99,173894.820889,173894.820889
2019-06-26,11821.28,13970.0,11741.0,13093.8,11821.28,13970.0,11741.0,13093.8,155930.147386,155930.147386
2019-06-25,11056.59,11850.0,11026.0,11820.86,11056.59,11850.0,11026.0,11820.86,61276.686648,61276.686648
2019-06-24,10905.95,11143.63,10620.8,11056.59,10905.95,11143.63,10620.8,11056.59,43101.045285,43101.045285
2019-06-23,10729.0,11392.64,10555.18,10906.07,10729.0,11392.64,10555.18,10906.07,57445.323945,57445.323945
2019-06-22,10159.86,11160.0,9921.72,10729.5,10159.86,11160.0,9921.72,10729.5,104169.447976,104169.447976
2019-06-21,9518.06,10174.99,9518.06,10159.86,9518.06,10174.99,9518.06,10159.86,50484.415892,50484.415892
2019-06-20,9253.76,9590.0,9175.2,9517.12,9253.76,9590.0,9175.2,9517.12,34556.053982,34556.053982
2019-06-19,9081.97,9304.0,8960.0,9255.49,9081.97,9304.0,8960.0,9255.49,32147.706495,32147.706495
2019-06-18,9312.13,9336.36,8950.0,9081.55,9312.13,9336.36,8950.0,9081.55,51554.569401,51554.569401
2019-06-17,8953.0,9444.0,8950.0,9313.96,8953.0,9444.0,8950.0,9313.96,47895.485374,47895.485374
2019-06-16,8810.77,9333.0,8760.0,8953.33,8810.77,9333.0,8760.0,8953.33,63289.251219,63289.251219
2019-06-15,8650.88,8864.99,8567.63,8808.7,8650.88,8864.99,8567.63,8808.7,31791.636039,31791.636039
2019-06-14,8216.44,8684.41,8144.32,8650.0,8216.44,8684.41,8144.32,8650.0,39835.246255,39835.246255
2019-06-13,8127.64,8309.82,8010.03,8218.54,8127.64,8309.82,8010.03,8218.54,30467.764341,30467.764341
2019-06-12,7884.9,8200.0,7788.99,8127.64,7884.9,8200.0,7788.99,8127.64,41597.082622,41597.082622
2019-06-11,7981.0,8010.0,7692.23,7884.9,7981.0,8010.0,7692.23,7884.9,30334.999427,30334.999427
2019-06-10,7627.57,8020.0,7511.0,7982.75,7627.57,8020.0,7511.0,7982.75,36756.078468,36756.078468
2019-06-09,7895.28,7935.0,7506.66,7628.13,7895.28,7935.0,7506.66,7628.13,31568.465157,31568.465157
2019-06-08,7978.94,8044.65,7751.0,7893.62,7978.94,8044.65,7751.0,7893.62,22657.329634,22657.329634
2019-06-07,7787.57,8100.0,7737.49,7980.53,7787.57,8100.0,7737.49,7980.53,33942.225658,33942.225658
2019-06-06,7778.08,7868.13,7444.58,7786.7,7778.08,7868.13,7444.58,7786.7,36624.118747,36624.118747
2019-06-05,7687.04,7896.7,7572.78,7776.5,7687.04,7896.7,7572.78,7776.5,48679.656455,48679.656455
2019-06-04,8115.66,8115.66,7481.02,7687.03,8115.66,8115.66,7481.02,7687.03,74143.948941,74143.948941
2019-06-03,8726.0,8800.95,8080.8,8115.82,8726.0,8800.95,8080.8,8115.82,45692.965104,45692.965104
2019-06-02,8545.1,8814.78,8524.0,8725.98,8545.1,8814.78,8524.0,8725.98,27835.133265,27835.133265
2019-06-01,8555.0,8626.0,8442.36,8544.07,8555.0,8626.0,8442.36,8544.07,31868.234157,31868.234157
2019-05-31,8267.1,8594.0,8108.5,8555.0,8267.1,8594.0,8108.5,8555.0,44727.49162,44727.49162
2019-05-30,8646.5,9074.26,8005.0,8269.54,8646.5,9074.26,8005.0,8269.54,70379.998521,70379.998521
2019-05-29,8716.87,8750.0,8406.6,8645.68,8716.87,8750.0,8406.6,8645.68,33880.865922,33880.865922
2019-05-28,8752.52,8798.49,8510.63,8715.64,8752.52,8798.49,8510.63,8715.64,31470.551534,31470.551534
2019-05-27,8612.54,8908.32,8589.0,8756.32,8612.54,8908.32,8589.0,8756.32,51886.768793,51886.768793
2019-05-26,8023.0,8740.0,7833.42,8614.43,8023.0,8740.0,7833.42,8614.43,49652.144567,49652.144567
2019-05-25,7964.52,8091.8,7908.34,8025.41,7964.52,8091.8,7908.34,8025.41,28414.328817,28414.328817
2019-05-24,7849.95,8130.0,7766.0,7964.87,7849.95,8130.0,7766.0,7964.87,46664.785325,46664.785325
2019-05-23,7627.8,7940.98,7461.0,7851.51,7627.8,7940.98,7461.0,7851.51,49648.184701,49648.184701
2019-05-22,7904.48,8016.0,7465.0,7628.43,7904.48,8016.0,7465.0,7628.43,49136.994589,49136.994589
2019-05-21,7937.16,8042.32,7771.0,7904.87,7937.16,8042.32,7771.0,7904.87,52301.752247,52301.752247
2019-05-20,8147.94,8156.03,7553.0,7938.15,8147.94,8156.03,7553.0,7938.15,65859.208564,65859.208564
2019-05-19,7257.32,8275.09,7243.08,8148.48,7257.32,8275.09,7243.08,8148.48,65577.442058,65577.442058
2019-05-18,7355.28,7458.0,7156.61,7257.45,7355.28,7458.0,7156.61,7257.45,37054.944779,37054.944779
2019-05-17,7868.67,7925.0,6913.0,7355.26,7868.67,7925.0,6913.0,7355.26,88752.008159,88752.008159
2019-05-16,8169.08,8320.0,7705.0,7866.59,8169.08,8320.0,7705.0,7866.59,69630.513996,69630.513996
2019-05-15,7945.26,8249.0,7850.0,8169.87,7945.26,8249.0,7850.0,8169.87,37884.327211,37884.327211
2019-05-14,7795.62,8366.0,7599.56,7947.56,7795.62,8366.0,7599.56,7947.56,76583.722603,76583.722603
2019-05-13,6968.24,8100.0,6870.0,7790.71,6968.24,8100.0,6870.0,7790.71,85804.735333,85804.735333
2019-05-12,7076.24,7521.78,6750.0,6967.31,7076.24,7521.78,6750.0,6967.31,86948.975339,86948.975339
2019-05-11,6375.16,7343.99,6372.85,7076.22,6375.16,7343.99,6372.85,7076.22,74022.424393,74022.424393
2019-05-10,6209.95,6468.92,6172.0,6373.33,6209.95,6468.92,6172.0,6373.33,36623.61079,36623.61079
2019-05-09,5986.66,6224.55,5983.71,6209.18,5986.66,6224.55,5983.71,6209.18,27453.011436,27453.011436
2019-05-08,5846.34,6014.72,5772.2,5987.29,5846.34,6014.72,5772.2,5987.29,23074.05152,23074.05152
2019-05-07,5749.92,6028.41,5747.74,5846.34,5749.92,6028.41,5747.74,5846.34,39905.064422,39905.064422
2019-05-06,5773.18,5805.0,5619.14,5747.79,5773.18,5805.0,5619.14,5747.79,25256.596325,25256.596325
2019-05-05,5829.83,5839.9,5696.0,5775.62,5829.83,5839.9,5696.0,5775.62,23822.543775,23822.543775
2019-05-04,5770.62,5900.0,5587.45,5829.45,5770.62,5900.0,5587.45,5829.45,39682.408991,39682.408991
2019-05-03,5494.81,5844.0,5477.57,5772.69,5494.81,5844.0,5477.57,5772.69,46297.172849,46297.172849
2019-05-02,5383.2,5538.0,5370.0,5492.87,5383.2,5538.0,5370.0,5492.87,22795.787835,22795.787835
2019-05-01,5321.94,5402.0,5316.2,5383.2,5321.94,5402.0,5316.2,5383.2,17217.473216,17217.473216
2019-04-30,5238.14,5339.98,5192.15,5320.81,5238.14,5339.98,5192.15,5320.81,22238.06823,22238.06823
2019-04-29,5309.81,5332.0,5178.8,5238.14,5309.81,5332.0,5178.8,5238.14,19918.135079,19918.135079
2019-04-28,5295.69,5340.0,5259.48,5307.52,5295.69,5340.0,5259.48,5307.52,14371.433869,14371.433869
2019-04-27,5315.0,5342.5,5257.67,5295.69,5315.0,5342.5,5257.67,5295.69,15422.896935,15422.896935
2019-04-26,5220.47,5510.0,5161.62,5314.1,5220.47,5510.0,5161.62,5314.1,48912.294513,48912.294513
2019-04-25,5415.0,5491.84,5102.0,5219.9,5415.0,5491.84,5102.0,5219.9,49636.089948,49636.089948
2019-04-24,5490.91,5582.2,5333.35,5415.0,5490.91,5582.2,5333.35,5415.0,48224.152413,48224.152413
2019-04-23,5357.14,5600.0,5332.41,5493.31,5357.14,5600.0,5332.41,5493.31,41262.103917,41262.103917
2019-04-22,5257.41,5400.0,5208.35,5357.14,5257.41,5400.0,5208.35,5357.14,29563.852309,29563.852309
2019-04-21,5292.91,5314.35,5165.0,5256.14,5292.91,5314.35,5165.0,5256.14,25549.570939,25549.570939
2019-04-20,5258.68,5333.42,5230.1,5291.73,5258.68,5333.42,5230.1,5291.73,19168.908274,19168.908274
2019-04-19,5258.44,5320.0,5175.0,5258.68,5258.44,5320.0,5175.0,5258.68,24611.236323,24611.236323
2019-04-18,5202.41,5287.0,5198.8,5258.44,5202.41,5287.0,5198.8,5258.44,22619.239001,22619.239001
2019-04-17,5173.72,5230.4,5146.8,5202.82,5173.72,5230.4,5146.8,5202.82,23307.536134,23307.536134
2019-04-16,5024.95,5197.72,5003.94,5173.72,5024.95,5197.72,5003.94,5173.72,24242.229493,24242.229493
2019-04-15,5131.28,5167.38,4950.0,5024.95,5131.28,5167.38,4950.0,5024.95,29057.191581,29057.191581
2019-04-14,5047.45,5152.99,5000.0,5131.3,5047.45,5152.99,5000.0,5131.3,18281.607739,18281.607739
2019-04-13,5047.0,5099.0,5004.0,5045.22,5047.0,5099.0,5004.0,5045.22,17292.456802,17292.456802
2019-04-12,5017.37,5080.58,4861.22,5048.01,5017.37,5080.58,4861.22,5048.01,33276.678614,33276.678614
2019-04-11,5307.86,5332.67,4927.0,5017.37,5307.86,5332.67,4927.0,5017.37,54696.600686,54696.600686
2019-04-10,5150.0,5422.0,5135.0,5308.25,5150.0,5422.0,5135.0,5308.25,40073.620471,40073.620471
2019-04-09,5238.38,5238.4,5076.68,5150.0,5238.38,5238.4,5076.68,5150.0,34067.012311,34067.012311
2019-04-08,5170.27,5305.0,5039.0,5236.9,5170.27,5305.0,5039.0,5236.9,50178.430782,50178.430782
2019-04-07,5042.07,5234.0,5026.0,5170.27,5042.07,5234.0,5026.0,5170.27,37615.486804,37615.486804
2019-04-06,5004.96,5205.0,4928.59,5043.89,5004.96,5205.0,4928.59,5043.89,41770.842313,41770.842313
2019-04-05,4898.64,5028.22,4880.62,5004.95,4898.64,5028.22,4880.62,5004.95,39768.552806,39768.552806
2019-04-04,4932.59,5039.08,4777.0,4898.66,4932.59,5039.08,4777.0,4898.66,61054.254168,61054.254168
2019-04-03,4857.19,5275.01,4753.5,4932.6,4857.19,5275.01,4753.5,4932.6,109890.125743,109890.125743
2019-04-02,4144.54,4897.99,4140.54,4857.29,4144.54,4897.99,4140.54,4857.29,105383.639263,105383.639263
2019-04-01,4102.44,4158.7,4067.0,4144.56,4102.44,4158.7,4067.0,4144.56,25507.067641,25507.067641
2019-03-31,4106.99,4116.12,4082.57,4103.95,4106.99,4116.12,4082.57,4103.95,13525.087433,13525.087433
2019-03-30,4104.24,4140.0,4052.0,4106.97,4104.24,4140.0,4052.0,4106.97,19509.292601,19509.292601
2019-03-29,4028.22,4123.71,4024.03,4103.25,4028.22,4123.71,4024.03,4103.25,30084.217444,30084.217444
2019-03-28,4039.58,4039.7,4002.0,4027.81,4039.58,4039.7,4002.0,4027.81,20089.293875,20089.293875
2019-03-27,3948.77,4048.0,3936.15,4038.05,3948.77,4048.0,3936.15,4038.05,32364.555852,32364.555852
2019-03-26,3935.47,3958.98,3894.0,3948.55,3935.47,3958.98,3894.0,3948.55,29349.537627,29349.537627
2019-03-25,3991.35,3999.3,3888.71,3936.12,3991.35,3999.3,3888.71,3936.12,33192.890217,33192.890217
2019-03-24,4006.01,4006.02,3950.0,3992.18,4006.01,4006.02,3950.0,3992.18,17179.850648,17179.850648
2019-03-23,3987.89,4018.83,3978.01,4006.01,3987.89,4018.83,3978.01,4006.01,17302.604318,17302.604318
2019-03-22,3980.85,4008.0,3968.25,3986.93,3980.85,4008.0,3968.25,3986.93,20022.606318,20022.606318
2019-03-21,4043.04,4069.32,3880.01,3980.64,4043.04,4069.32,3880.01,3980.64,35997.682119,35997.682119
2019-03-20,4017.48,4050.0,3980.5,4043.04,4017.48,4050.0,3980.5,4043.04,23432.300255,23432.300255
2019-03-19,3987.83,4031.0,3970.0,4015.53,3987.83,4031.0,3970.0,4015.53,19893.741815,19893.741815
2019-03-18,3981.85,4037.0,3953.33,3987.81,3981.85,4037.0,3953.33,3987.81,22454.47801,22454.47801
2019-03-17,4005.98,4012.0,3950.01,3981.14,4005.98,4012.0,3950.01,3981.14,18814.255577,18814.255577
2019-03-16,3924.46,4056.98,3921.98,4005.98,3924.46,4056.98,3921.98,4005.98,28568.376124,28568.376124
2019-03-15,3877.12,3939.22,3872.2,3923.76,3877.12,3939.22,3872.2,3923.76,21740.061498,21740.061498
2019-03-14,3866.0,3920.0,3810.43,3877.12,3866.0,3920.0,3810.43,3877.12,27048.74853,27048.74853
2019-03-13,3882.69,3893.56,3840.0,3866.0,3882.69,3893.56,3840.0,3866.0,24461.008757,24461.008757
2019-03-12,3871.61,3905.2,3826.06,3882.73,3871.61,3905.2,3826.06,3882.73,26921.008622,26921.008622
2019-03-11,3915.99,3936.98,3830.0,3871.61,3915.99,3936.98,3830.0,3871.61,38066.885705,38066.885705
2019-03-10,3943.43,3943.43,3881.69,3916.82,3943.43,3943.43,3881.69,3916.82,23187.561412,23187.561412
2019-03-09,3864.88,3971.75,3854.75,3943.04,3864.88,3971.75,3854.75,3943.04,30979.747653,30979.747653
2019-03-08,3873.63,3932.0,3800.0,3864.89,3873.63,3932.0,3800.0,3864.89,34730.366592,34730.366592
2019-03-07,3861.84,3905.4,3840.4,3873.64,3861.84,3905.4,3840.4,3873.64,26455.257661,26455.257661
2019-03-06,3857.58,3907.0,3813.09,3861.84,3857.58,3907.0,3813.09,3861.84,24775.11883,24775.11883
2019-03-05,3716.1,3877.1,3703.55,3857.73,3716.1,3877.1,3703.55,3857.73,32962.536162,32962.536162
2019-03-04,3807.32,3830.0,3670.69,3715.3,3807.32,3830.0,3670.69,3715.3,34742.84166,34742.84166
2019-03-03,3819.97,3835.0,3781.32,3807.75,3819.97,3835.0,3781.32,3807.75,16718.16541,16718.16541
2019-03-02,3822.17,3841.31,3772.25,3819.93,3822.17,3841.31,3772.25,3819.93,19445.838355,19445.838355
2019-03-01,3814.26,3857.0,3813.01,3823.0,3814.26,3857.0,3813.01,3823.0,23174.57217,23174.57217
2019-02-28,3818.04,3888.0,3763.87,3813.69,3818.04,3888.0,3763.87,3813.69,32561.961044,32561.961044
2019-02-27,3809.31,3838.85,3677.17,3818.07,3809.31,3838.85,3677.17,3818.07,31500.995466,31500.995466
2019-02-26,3828.44,3841.51,3777.0,3809.23,3828.44,3841.51,3777.0,3809.23,28838.748036,28838.748036
2019-02-25,3743.56,3872.66,3740.0,3827.92,3743.56,3872.66,3740.0,3827.92,38102.966245,38102.966245
2019-02-24,4118.0,4198.0,3712.66,3743.56,4118.0,4198.0,3712.66,3743.56,62224.18689,62224.18689
2019-02-23,3962.0,4162.02,3933.15,4117.76,3962.0,4162.02,3933.15,4117.76,33657.942883,33657.942883
2019-02-22,3937.31,3988.0,3926.65,3962.0,3937.31,3988.0,3926.65,3962.0,23943.16375,23943.16375
2019-02-21,3969.74,4016.48,3901.03,3937.31,3969.74,4016.48,3901.03,3937.31,31103.884728,31103.884728
2019-02-20,3907.35,3986.98,3870.66,3969.74,3907.35,3986.98,3870.66,3969.74,36205.14085,36205.14085
2019-02-19,3897.35,3994.52,3856.0,3907.79,3897.35,3994.52,3856.0,3907.79,50207.172667,50207.172667
2019-02-18,3667.62,3925.0,3655.0,3898.6,3667.62,3925.0,3655.0,3898.6,64042.730492,64042.730492
2019-02-17,3617.22,3700.11,3604.4,3667.58,3617.22,3700.11,3604.4,3667.58,25690.227779,25690.227779
2019-02-16,3602.49,3648.2,3597.91,3618.41,3602.49,3648.2,3597.91,3618.41,19565.992751,19565.992751
2019-02-15,3590.57,3653.23,3573.45,3602.47,3590.57,3653.23,3573.45,3602.47,20777.872899,20777.872899
2019-02-14,3608.34,3626.4,3568.11,3590.56,3608.34,3626.4,3568.11,3590.56,21753.501261,21753.501261
2019-02-13,3631.51,3670.0,3591.75,3609.4,3631.51,3670.0,3591.75,3609.4,25773.997648,25773.997648
2019-02-12,3631.05,3667.6,3582.34,3631.46,3631.05,3667.6,3582.34,3631.46,29479.59823,29479.59823
2019-02-11,3679.75,3684.9,3615.53,3631.05,3679.75,3684.9,3615.53,3631.05,24954.614571,24954.614571
2019-02-10,3665.18,3684.99,3609.76,3680.06,3665.18,3684.99,3609.76,3680.06,23250.602634,23250.602634
2019-02-09,3660.27,3680.02,3625.13,3665.18,3660.27,3680.02,3625.13,3665.18,24759.833719,24759.833719
2019-02-08,3398.4,3733.58,3373.1,3659.04,3398.4,3733.58,3373.1,3659.04,47968.058013,47968.058013
2019-02-07,3407.0,3426.45,3390.0,3398.4,3407.0,3426.45,3390.0,3398.4,18665.538638,18665.538638
2019-02-06,3471.57,3482.72,3380.0,3405.37,3471.57,3482.72,3380.0,3405.37,35310.244846,35310.244846
2019-02-05,3463.22,3478.97,3448.43,3471.59,3463.22,3478.97,3448.43,3471.59,25264.41503,25264.41503
2019-02-04,3458.11,3484.88,3433.31,3463.22,3458.11,3484.88,3433.31,3463.22,23131.981108,23131.981108
2019-02-03,3504.06,3511.09,3426.0,3458.11,3504.06,3511.09,3426.0,3458.11,19867.33639,19867.33639
2019-02-02,3462.2,3526.4,3440.29,3504.77,3462.2,3526.4,3440.29,3504.77,17920.802,17920.802
2019-02-01,3434.1,3488.0,3401.2,3462.07,3434.1,3488.0,3401.2,3462.07,25260.476159,25260.476159
2019-01-31,3457.5,3489.2,3418.8,3434.1,3457.5,3489.2,3418.8,3434.1,29607.190253,29607.190253
2019-01-30,3410.04,3478.0,3387.1,3458.18,3410.04,3478.0,3387.1,3458.18,23968.260243,23968.260243
2019-01-29,3434.0,3443.45,3349.92,3411.04,3434.0,3443.45,3349.92,3411.04,29544.928977,29544.928977
2019-01-28,3550.05,3557.75,3380.27,3434.15,3550.05,3557.75,3380.27,3434.15,40405.111401,40405.111401
2019-01-27,3565.62,3579.0,3486.0,3550.84,3565.62,3579.0,3486.0,3550.84,22735.598162,22735.598162
2019-01-26,3566.69,3662.94,3545.0,3565.25,3566.69,3662.94,3545.0,3565.25,19476.532344,19476.532344
2019-01-25,3569.07,3587.15,3522.51,3565.29,3569.07,3587.15,3522.51,3565.29,17608.346671,17608.346671
2019-01-24,3552.97,3589.0,3529.22,3569.62,3552.97,3589.0,3529.22,3569.62,20826.25118,20826.25118
2019-01-23,3570.41,3607.98,3514.5,3552.82,3570.41,3607.98,3514.5,3552.82,24938.842698,24938.842698
2019-01-22,3526.88,3608.5,3434.85,3570.93,3526.88,3608.5,3434.85,3570.93,29336.442967,29336.442967
2019-01-21,3539.26,3559.51,3475.5,3526.9,3539.26,3559.51,3475.5,3526.9,19644.436839,19644.436839
2019-01-20,3665.75,3693.73,3475.0,3539.28,3665.75,3693.73,3475.0,3539.28,27901.938598,27901.938598
2019-01-19,3594.87,3720.0,3594.23,3665.3,3594.87,3720.0,3594.23,3665.3,22171.578123,22171.578123
2019-01-18,3613.32,3620.0,3565.75,3594.87,3613.32,3620.0,3565.75,3594.87,22713.446755,22713.446755
2019-01-17,3591.84,3634.7,3530.39,3616.21,3591.84,3634.7,3530.39,3616.21,29755.440838,29755.440838
2019-01-16,3553.06,3645.0,3543.51,3591.84,3553.06,3645.0,3543.51,3591.84,27480.179977,27480.179977
2019-01-15,3626.08,3648.42,3516.62,3553.06,3626.08,3648.42,3516.62,3553.06,34137.997459,34137.997459
2019-01-14,3477.56,3671.87,3467.02,3626.09,3477.56,3671.87,3467.02,3626.09,35235.211215,35235.211215
2019-01-13,3584.1,3611.1,3441.3,3476.81,3584.1,3611.1,3441.3,3476.81,26385.757454,26385.757454
2019-01-12,3601.31,3618.19,3530.0,3583.13,3601.31,3618.19,3530.0,3583.13,21999.928354,21999.928354
2019-01-11,3585.88,3658.0,3465.0,3601.31,3585.88,3658.0,3465.0,3601.31,38338.654733,38338.654733
2019-01-10,3966.06,3996.01,3540.0,3585.88,3966.06,3996.01,3540.0,3585.88,59402.22851,59402.22851
2019-01-09,3955.45,4006.81,3930.04,3966.65,3955.45,4006.81,3930.04,3966.65,28989.439511,28989.439511
2019-01-08,3976.76,4069.8,3903.0,3955.13,3976.76,4069.8,3903.0,3955.13,38901.423122,38901.423122
2019-01-07,3987.62,4017.9,3921.53,3975.45,3987.62,4017.9,3921.53,3975.45,31869.846264,31869.846264
2019-01-06,3771.12,4027.71,3740.0,3987.6,3771.12,4027.71,3740.0,3987.6,36553.806709,36553.806709
2019-01-05,3790.09,3840.99,3751.0,3770.96,3790.09,3840.99,3751.0,3770.96,30490.667751,30490.667751
2019-01-04,3767.2,3823.64,3703.57,3792.01,3767.2,3823.64,3703.57,3792.01,29519.554671,29519.554671
2019-01-03,3857.57,3862.74,3730.0,3766.78,3857.57,3862.74,3730.0,3766.78,29406.948359,29406.948359
2019-01-02,3796.45,3882.14,3750.45,3858.56,3796.45,3882.14,3750.45,3858.56,35156.463369,35156.463369
2019-01-01,3701.23,3810.16,3642.0,3797.14,3701.23,3810.16,3642.0,3797.14,23741.687033,23741.687033
2018-12-31,3803.12,3810.0,3630.33,3702.9,3803.12,3810.0,3630.33,3702.9,29991.77835,29991.77835
2018-12-30,3696.71,3903.5,3657.9,3801.91,3696.71,3903.5,3657.9,3801.91,33222.369262,33222.369262
2018-12-29,3839.0,3892.0,3670.0,3695.32,3839.0,3892.0,3670.0,3695.32,38874.373903,38874.373903
2018-12-28,3567.89,3887.25,3540.04,3839.26,3567.89,3887.25,3540.04,3839.26,45964.304987,45964.304987
2018-12-27,3777.74,3813.98,3535.0,3567.91,3777.74,3813.98,3535.0,3567.91,44097.392912,44097.392912
2018-12-26,3745.56,3837.15,3656.74,3777.74,3745.56,3837.15,3656.74,3777.74,42629.375817,42629.375817
2018-12-25,4010.11,4020.0,3646.41,3745.79,4010.11,4020.0,3646.41,3745.79,62725.629432,62725.629432
2018-12-24,3929.71,4198.0,3924.83,4008.01,3929.71,4198.0,3924.83,4008.01,64647.809129,64647.809129
2018-12-23,3948.91,4021.53,3870.0,3929.71,3948.91,4021.53,3870.0,3929.71,40117.531529,40117.531529
2018-12-22,3840.25,3979.0,3785.0,3948.91,3840.25,3979.0,3785.0,3948.91,42822.350872,42822.350872
2018-12-21,4051.86,4139.99,3764.0,3838.66,4051.86,4139.99,3764.0,3838.66,82343.850112,82343.850112
2018-12-20,3660.01,4120.0,3635.0,4049.62,3660.01,4120.0,3635.0,4049.62,101543.835986,101543.835986
2018-12-19,3653.0,3912.73,3622.55,3662.22,3653.0,3912.73,3622.55,3662.22,94137.341014,94137.341014
2018-12-18,3509.03,3678.59,3424.47,3652.98,3509.03,3678.59,3424.47,3652.98,61369.615257,61369.615257
2018-12-17,3229.22,3585.0,3216.0,3509.08,3229.22,3585.0,3216.0,3509.08,66761.751697,66761.751697
2018-12-16,3211.71,3294.0,3186.0,3228.67,3211.71,3294.0,3186.0,3228.67,24628.808538,24628.808538
2018-12-15,3225.19,3276.5,3156.26,3211.72,3225.19,3276.5,3156.26,3211.72,29796.041436,29796.041436
2018-12-14,3302.06,3335.39,3177.0,3224.17,3302.06,3335.39,3177.0,3224.17,44492.983807,44492.983807
2018-12-13,3446.38,3460.0,3255.5,3302.06,3446.38,3460.0,3255.5,3302.06,40040.917013,40040.917013
2018-12-12,3379.23,3492.0,3350.0,3445.0,3379.23,3492.0,3350.0,3445.0,33922.931286,33922.931286
2018-12-11,3434.01,3480.0,3324.32,3380.39,3434.01,3480.0,3324.32,3380.39,35920.864154,35920.864154
2018-12-10,3548.49,3610.0,3370.11,3432.88,3548.49,3610.0,3370.11,3432.88,40989.244553,40989.244553
2018-12-09,3411.36,3658.0,3394.04,3545.37,3411.36,3658.0,3394.04,3545.37,45956.893296,45956.893296
2018-12-08,3403.57,3495.0,3222.0,3410.93,3403.57,3495.0,3222.0,3410.93,55365.949949,55365.949949
2018-12-07,3508.75,3549.99,3224.6,3403.55,3508.75,3549.99,3224.6,3403.55,95145.457442,95145.457442
2018-12-06,3768.44,3899.99,3500.0,3508.75,3768.44,3899.99,3500.0,3508.75,68378.796943,68378.796943
2018-12-05,3950.98,3970.0,3745.0,3769.84,3950.98,3970.0,3745.0,3769.84,44004.799448,44004.799448
2018-12-04,3884.76,4085.0,3781.0,3951.64,3884.76,4085.0,3781.0,3951.64,48489.551613,48489.551613
2018-12-03,4160.55,4179.0,3827.0,3884.01,4160.55,4179.0,3827.0,3884.01,49094.369163,49094.369163
2018-12-02,4190.98,4312.99,4103.04,4161.01,4190.98,4312.99,4103.04,4161.01,38912.15479,38912.15479
2018-12-01,4041.27,4299.99,3963.01,4190.02,4041.27,4299.99,3963.01,4190.02,44840.073481,44840.073481
2018-11-30,4295.72,4341.36,3943.0,4041.32,4295.72,4341.36,3943.0,4041.32,67758.446283,67758.446283
2018-11-29,4262.06,4450.38,4125.65,4295.84,4262.06,4450.38,4125.65,4295.84,73980.198669,73980.198669
2018-11-28,3875.63,4394.47,3874.27,4264.85,3875.63,4394.47,3874.27,4264.85,91983.567949,91983.567949
2018-11-27,3864.45,3940.0,3689.12,3875.21,3864.45,3940.0,3689.12,3875.21,67480.607212,67480.607212
2018-11-26,4088.69,4206.0,3701.0,3862.2,4088.69,4206.0,3701.0,3862.2,94503.750767,94503.750767
2018-11-25,3933.68,4233.0,3652.66,4085.78,3933.68,4233.0,3652.66,4085.78,101693.975588,101693.975588
2018-11-24,4415.63,4527.0,3824.69,3932.44,4415.63,4527.0,3824.69,3932.44,61693.111006,61693.111006
2018-11-23,4370.9,4484.0,4222.94,4420.61,4370.9,4484.0,4222.94,4420.61,49371.920322,49371.920322
2018-11-22,4661.08,4721.77,4335.0,4370.0,4661.08,4721.77,4335.0,4370.0,34531.119143,34531.119143
2018-11-21,4559.91,4787.2,4413.85,4661.07,4559.91,4787.2,4413.85,4661.07,61071.829475,61071.829475
2018-11-20,4913.4,5048.24,4326.0,4558.86,4913.4,5048.24,4326.0,4558.86,117380.95159,117380.95159
2018-11-19,5661.94,5664.0,4855.0,4910.03,5661.94,5664.0,4855.0,4910.03,70580.892856,70580.892856
2018-11-18,5630.49,5738.17,5617.0,5662.0,5630.49,5738.17,5617.0,5662.0,23844.999347,23844.999347
2018-11-17,5650.57,5656.6,5565.43,5628.29,5650.57,5656.6,5565.43,5628.29,26411.241413,26411.241413
2018-11-16,5757.09,5782.89,5549.25,5655.94,5757.09,5782.89,5549.25,5655.94,38721.802274,38721.802274
2018-11-15,5917.2,5939.54,5403.42,5753.4,5917.2,5939.54,5403.42,5753.4,47700.829401,47700.829401
2018-11-14,6458.98,6482.84,5656.87,5922.41,6458.98,6482.84,5656.87,5922.41,46478.964003,46478.964003
2018-11-13,6451.68,6498.0,6391.15,6457.66,6451.68,6498.0,6391.15,6457.66,11790.564933,11790.564933
2018-11-12,6450.71,6497.0,6421.0,6453.07,6450.71,6497.0,6421.0,6453.07,10132.782567,10132.782567
2018-11-11,6435.16,6462.14,6355.0,6449.81,6435.16,6462.14,6355.0,6449.81,8213.507117,8213.507117
2018-11-10,6419.99,6475.55,6411.0,6433.05,6419.99,6475.55,6411.0,6433.05,7714.829926,7714.829926
2018-11-09,6479.84,6511.53,6391.01,6419.99,6479.84,6511.53,6391.01,6419.99,11787.616583,11787.616583
2018-11-08,6578.46,6594.0,6468.22,6479.84,6578.46,6594.0,6468.22,6479.84,13259.789282,13259.789282
2018-11-07,6522.73,6615.15,6509.0,6578.46,6522.73,6615.15,6509.0,6578.46,14271.591117,14271.591117
2018-11-06,6468.99,6531.31,6445.18,6519.11,6468.99,6531.31,6445.18,6519.11,11926.565699,11926.565699
2018-11-05,6485.85,6504.39,6431.02,6468.99,6485.85,6504.39,6431.02,6468.99,8987.882156,8987.882156
2018-11-04,6388.0,6525.0,6359.0,6485.85,6388.0,6525.0,6359.0,6485.85,10592.394943,10592.394943
2018-11-03,6432.8,6439.97,6345.0,6387.09,6432.8,6439.97,6345.0,6387.09,7661.241476,7661.241476
2018-11-02,6410.0,6460.34,6388.2,6433.98,6410.0,6460.34,6388.2,6433.98,9739.440679,9739.440679
2018-11-01,6369.52,6442.65,6348.66,6410.0,6369.52,6442.65,6348.66,6410.0,9099.035841,9099.035841
2018-10-31,6330.01,6428.0,6245.02,6371.93,6330.01,6428.0,6245.02,6371.93,12148.888216,12148.888216
2018-10-30,6344.5,6395.0,6317.01,6330.87,6344.5,6395.0,6317.01,6330.87,8877.175385,8877.175385
2018-10-29,6489.93,6505.01,6315.0,6344.5,6489.93,6505.01,6315.0,6344.5,13827.224067,13827.224067
2018-10-28,6505.6,6514.17,6453.0,6489.93,6505.6,6514.17,6453.0,6489.93,5743.933728,5743.933728
2018-10-27,6538.63,6558.35,6463.04,6505.6,6538.63,6558.35,6463.04,6505.6,7776.907864,7776.907864
2018-10-26,6528.13,6600.0,6515.01,6538.63,6528.13,6600.0,6515.01,6538.63,9443.504156,9443.504156
2018-10-25,6566.81,6575.09,6502.8,6528.09,6566.81,6575.09,6502.8,6528.09,10342.701244,10342.701244
2018-10-24,6553.51,6630.0,6547.53,6565.5,6553.51,6630.0,6547.53,6565.5,11951.543977,11951.543977
2018-10-23,6581.2,6595.0,6515.45,6553.51,6581.2,6595.0,6515.45,6553.51,13856.601756,13856.601756
2018-10-22,6590.12,6639.0,6535.27,6581.2,6590.12,6639.0,6535.27,6581.2,16213.69266,16213.69266
2018-10-21,6585.72,6663.9,6580.0,6590.11,6585.72,6663.9,6580.0,6590.11,6515.357792,6515.357792
2018-10-20,6528.88,6617.65,6505.55,6588.4,6528.88,6617.65,6505.55,6588.4,19240.722247,19240.722247
2018-10-19,6618.96,6648.14,6523.0,6528.88,6618.96,6648.14,6523.0,6528.88,20772.60077,20772.60077
2018-10-18,6739.01,6796.0,6567.0,6618.96,6739.01,6796.0,6567.0,6618.96,20116.521941,20116.521941
2018-10-17,6762.76,6811.12,6676.01,6740.89,6762.76,6811.12,6676.01,6740.89,26641.431379,26641.431379
2018-10-16,6752.5,6900.0,6670.0,6759.27,6752.5,6900.0,6670.0,6759.27,27557.957764,27557.957764
2018-10-15,6339.34,7680.0,6300.0,6752.5,6339.34,7680.0,6300.0,6752.5,90748.031246,90748.031246
2018-10-14,6332.92,6416.0,6308.0,6339.34,6332.92,6416.0,6308.0,6339.34,15627.411314,15627.411314
2018-10-13,6298.0,6345.0,6285.07,6332.93,6298.0,6345.0,6285.07,6332.93,19098.070025,19098.070025
2018-10-12,6252.71,6360.0,6209.0,6298.01,6252.71,6360.0,6209.0,6298.01,29004.071419,29004.071419
2018-10-11,6630.21,6633.92,6205.0,6252.68,6630.21,6633.92,6205.0,6252.68,48712.400332,48712.400332
2018-10-10,6656.67,6659.95,6530.0,6631.0,6656.67,6659.95,6530.0,6631.0,15390.661444,15390.661444
2018-10-09,6673.01,6685.38,6607.0,6656.61,6673.01,6685.38,6607.0,6656.61,15354.779469,15354.779469
2018-10-08,6615.26,6715.6,6587.0,6673.01,6615.26,6715.6,6587.0,6673.01,23123.419541,23123.419541
2018-10-07,6596.44,6640.0,6525.0,6615.26,6596.44,6640.0,6525.0,6615.26,17406.831762,17406.831762
2018-10-06,6635.65,6651.0,6566.77,6594.27,6635.65,6651.0,6566.77,6594.27,10939.505391,10939.505391
2018-10-05,6591.69,6697.0,6543.08,6635.65,6591.69,6697.0,6543.08,6635.65,16096.552392,16096.552392
2018-10-04,6510.01,6643.46,6505.09,6593.79,6510.01,6643.46,6505.09,6593.79,20074.300818,20074.300818
2018-10-03,6525.79,6549.0,6430.0,6510.0,6525.79,6549.0,6430.0,6510.0,28451.969138,28451.969138
2018-10-02,6610.0,6640.0,6494.0,6525.79,6610.0,6640.0,6494.0,6525.79,28245.810088,28245.810088
2018-10-01,6626.57,6667.09,6510.0,6611.61,6626.57,6667.09,6510.0,6611.61,20621.506894,20621.506894
2018-09-30,6597.66,6662.0,6533.0,6626.57,6597.66,6662.0,6533.0,6626.57,27764.724519,27764.724519
2018-09-29,6634.58,6636.0,6464.57,6596.38,6634.58,6636.0,6464.57,6596.38,30255.9597,30255.9597
2018-09-28,6689.12,6814.8,6540.88,6634.58,6689.12,6814.8,6540.88,6634.58,42399.448523,42399.448523
2018-09-27,6467.84,6750.0,6434.0,6689.13,6467.84,6750.0,6434.0,6689.13,33087.428297,33087.428297
2018-09-26,6445.11,6557.99,6379.7,6465.12,6445.11,6557.99,6379.7,6465.12,33484.54207,33484.54207
2018-09-25,6581.42,6584.01,6325.02,6447.54,6581.42,6584.01,6325.02,6447.54,40301.029452,40301.029452
2018-09-24,6706.81,6730.0,6557.0,6581.39,6706.81,6730.0,6557.0,6581.39,35305.73991,35305.73991
2018-09-23,6723.05,6788.23,6661.75,6708.0,6723.05,6788.23,6661.75,6708.0,30286.229773,30286.229773
2018-09-22,6759.01,6839.03,6627.0,6723.05,6759.01,6839.03,6627.0,6723.05,29349.690667,29349.690667
2018-09-21,6492.0,6784.86,6491.0,6759.02,6492.0,6784.86,6491.0,6759.02,51779.343463,51779.343463
2018-09-20,6392.0,6540.0,6325.0,6492.0,6392.0,6540.0,6325.0,6492.0,25189.024728,25189.024728
2018-09-19,6336.39,6517.7,6123.0,6391.89,6336.39,6517.7,6123.0,6391.89,39044.080082,39044.080082
2018-09-18,6248.69,6390.0,6224.98,6336.45,6248.69,6390.0,6224.98,6336.45,32620.86667,32620.86667
2018-09-17,6500.08,6533.84,6201.0,6248.69,6500.08,6533.84,6201.0,6248.69,35987.254738,35987.254738
2018-09-16,6514.96,6524.62,6370.0,6505.0,6514.96,6524.62,6370.0,6505.0,27568.132897,27568.132897
2018-09-15,6476.63,6565.45,6466.13,6514.96,6476.63,6565.45,6466.13,6514.96,25243.656612,25243.656612
2018-09-14,6487.39,6584.99,6385.62,6476.63,6487.39,6584.99,6385.62,6476.63,37173.339277,37173.339277
2018-09-13,6338.62,6535.0,6337.4,6487.38,6338.62,6535.0,6337.4,6487.38,40465.063107,40465.063107
2018-09-12,6293.0,6360.0,6192.37,6338.62,6293.0,6360.0,6192.37,6338.62,31433.645939,31433.645939
2018-09-11,6311.99,6404.0,6169.68,6294.91,6311.99,6404.0,6169.68,6294.91,33104.88859,33104.88859
2018-09-10,6252.26,6373.98,6221.0,6312.0,6252.26,6373.98,6221.0,6312.0,32439.456432,32439.456432
2018-09-09,6185.06,6441.0,6141.53,6250.81,6185.06,6441.0,6141.53,6250.81,37053.92382,37053.92382
2018-09-08,6395.54,6478.0,6111.0,6185.05,6395.54,6478.0,6111.0,6185.05,38215.032171,38215.032171
2018-09-07,6516.84,6544.0,6320.0,6395.54,6516.84,6544.0,6320.0,6395.54,38906.28805,38906.28805
2018-09-06,6697.27,6725.0,6265.0,6516.01,6697.27,6725.0,6265.0,6516.01,60644.464227,60644.464227
2018-09-05,7359.05,7397.3,6682.0,6700.0,7359.05,7397.3,6682.0,6700.0,63715.256267,63715.256267
2018-09-04,7263.0,7410.0,7227.17,7359.06,7263.0,7410.0,7227.17,7359.06,35300.640518,35300.640518
2018-09-03,7302.0,7338.28,7191.63,7263.02,7302.0,7338.28,7191.63,7263.02,32396.018371,32396.018371
2018-09-02,7201.57,7345.45,7127.0,7302.01,7201.57,7345.45,7127.0,7302.01,39814.840352,39814.840352
2018-09-01,7011.21,7275.0,7008.74,7200.01,7011.21,7275.0,7008.74,7200.01,40323.414093,40323.414093
2018-08-31,6984.84,7089.0,6888.0,7011.21,6984.84,7089.0,6888.0,7011.21,40467.400638,40467.400638
2018-08-30,7033.21,7063.63,6784.81,6984.84,7033.21,7063.63,6784.81,6984.84,44716.77462,44716.77462
2018-08-29,7077.0,7133.81,6912.34,7031.22,7077.0,7133.81,6912.34,7031.22,43252.487392,43252.487392
2018-08-28,6907.26,7135.0,6860.0,7076.11,6907.26,7135.0,6860.0,7076.11,48352.917163,48352.917163
2018-08-27,6700.0,6940.51,6646.5,6908.64,6700.0,6940.51,6646.5,6908.64,37747.078747,37747.078747
2018-08-26,6733.64,6775.27,6568.0,6700.0,6733.64,6775.27,6568.0,6700.0,20107.297208,20107.297208
2018-08-25,6686.98,6789.0,6650.61,6733.64,6686.98,6789.0,6650.61,6733.64,19220.505929,19220.505929
2018-08-24,6525.0,6725.0,6440.5,6681.64,6525.0,6725.0,6440.5,6681.64,38305.675322,38305.675322
2018-08-23,6362.57,6576.99,6342.28,6525.01,6362.57,6576.99,6342.28,6525.01,40358.166825,40358.166825
2018-08-22,6479.98,6882.54,6251.2,6360.89,6479.98,6882.54,6251.2,6360.89,77909.391359,77909.391359
2018-08-21,6251.0,6500.0,6235.08,6480.0,6251.0,6500.0,6235.08,6480.0,41569.947408,41569.947408
2018-08-20,6477.53,6530.0,6220.0,6254.84,6477.53,6530.0,6220.0,6254.84,49435.55526,49435.55526
2018-08-19,6387.96,6541.0,6300.0,6477.53,6387.96,6541.0,6300.0,6477.53,45190.847994,45190.847994
2018-08-18,6579.04,6620.0,6288.0,6387.96,6579.04,6620.0,6288.0,6387.96,53742.322172,53742.322172
2018-08-17,6316.0,6585.0,6285.4,6584.49,6316.0,6585.0,6285.4,6584.49,57851.610803,57851.610803
2018-08-16,6265.27,6480.0,6205.6,6311.75,6265.27,6480.0,6205.6,6311.75,48515.254618,48515.254618
2018-08-15,6188.08,6609.0,6172.11,6267.16,6188.08,6609.0,6172.11,6267.16,68806.687026,68806.687026
2018-08-14,6248.25,6250.33,5880.0,6188.08,6248.25,6250.33,5880.0,6188.08,50186.745091,50186.745091
2018-08-13,6308.56,6545.0,6145.04,6246.35,6308.56,6545.0,6145.04,6246.35,53895.828783,53895.828783
2018-08-12,6222.55,6472.3,6130.0,6308.33,6222.55,6472.3,6130.0,6308.33,38567.770712,38567.770712
2018-08-11,6148.13,6488.0,5971.0,6232.35,6148.13,6488.0,5971.0,6232.35,47133.418555,47133.418555
2018-08-10,6529.79,6575.88,6026.39,6144.01,6529.79,6575.88,6026.39,6144.01,59034.974902,59034.974902
2018-08-09,6283.27,6622.81,6178.6,6529.79,6283.27,6622.81,6178.6,6529.79,51941.185111,51941.185111
2018-08-08,6720.63,6721.54,6123.0,6285.0,6720.63,6721.54,6123.0,6285.0,59550.536319,59550.536319
2018-08-07,6935.0,7150.46,6670.0,6720.06,6935.0,7150.46,6670.0,6720.06,45438.473501,45438.473501
2018-08-06,7024.19,7160.0,6821.0,6934.82,7024.19,7160.0,6821.0,6934.82,32760.191643,32760.191643
2018-08-05,7009.84,7089.87,6882.29,7024.19,7009.84,7089.87,6882.29,7024.19,32894.849782,32894.849782
2018-08-04,7412.27,7494.81,6926.0,7009.84,7412.27,7494.81,6926.0,7009.84,36288.42601,36288.42601
2018-08-03,7525.71,7540.0,7282.44,7418.78,7525.71,7540.0,7282.44,7418.78,44669.486047,44669.486047
2018-08-02,7600.08,7709.46,7455.72,7525.71,7600.08,7709.46,7455.72,7525.71,37665.696684,37665.696684
2018-08-01,7735.67,7750.0,7430.0,7604.58,7735.67,7750.0,7430.0,7604.58,42582.312932,42582.312932
2018-07-31,8171.4,8180.0,7633.0,7730.93,8171.4,8180.0,7633.0,7730.93,48296.915587,48296.915587
2018-07-30,8210.99,8273.0,7866.0,8173.92,8210.99,8273.0,7866.0,8173.92,39692.416542,39692.416542
2018-07-29,8225.04,8294.51,8115.0,8211.0,8225.04,8294.51,8115.0,8211.0,25531.226185,25531.226185
2018-07-28,8188.57,8246.54,8067.0,8225.04,8188.57,8246.54,8067.0,8225.04,26215.173839,26215.173839
2018-07-27,7920.0,8285.0,7805.0,8188.57,7920.0,8285.0,7805.0,8188.57,43671.005891,43671.005891
2018-07-26,8175.63,8315.69,7850.06,7920.0,8175.63,8315.69,7850.06,7920.0,43223.481682,43223.481682
2018-07-25,8397.24,8491.77,8050.0,8175.64,8397.24,8491.77,8050.0,8175.64,48257.649124,48257.649124
2018-07-24,7721.65,8486.0,7696.0,8397.24,7721.65,8486.0,7696.0,8397.24,60121.163749,60121.163749
2018-07-23,7394.78,7833.0,7375.0,7721.01,7394.78,7833.0,7375.0,7721.01,41646.346671,41646.346671
2018-07-22,7399.25,7582.4,7335.5,7394.79,7399.25,7582.4,7335.5,7394.79,30270.21844,30270.21844
2018-07-21,7337.47,7458.47,7211.0,7398.78,7337.47,7458.47,7211.0,7398.78,28886.490291,28886.490291
2018-07-20,7468.86,7700.0,7273.0,7337.53,7468.86,7700.0,7273.0,7337.53,46140.313447,46140.313447
2018-07-19,7381.88,7576.28,7270.0,7466.21,7381.88,7576.28,7270.0,7466.21,41218.256437,41218.256437
2018-07-18,7317.44,7588.08,7225.38,7381.9,7317.44,7588.08,7225.38,7381.9,59487.64345,59487.64345
2018-07-17,6723.33,7468.99,6652.04,7317.44,6723.33,7468.99,6652.04,7317.44,52105.423459,52105.423459
2018-07-16,6354.15,6747.3,6330.4,6723.35,6354.15,6747.3,6330.4,6723.35,36204.87708,36204.87708
2018-07-15,6250.9,6395.0,6225.4,6353.01,6250.9,6395.0,6225.4,6353.01,22979.211508,22979.211508
2018-07-14,6214.57,6335.0,6178.0,6251.99,6214.57,6335.0,6178.0,6251.99,17783.071999,17783.071999
2018-07-13,6251.4,6350.0,6110.0,6214.57,6251.4,6350.0,6110.0,6214.57,26375.325286,26375.325286
2018-07-12,6378.07,6380.28,6070.0,6250.57,6378.07,6380.28,6070.0,6250.57,31306.663348,31306.663348
2018-07-11,6296.91,6406.0,6278.99,6378.07,6296.91,6406.0,6278.99,6378.07,28715.498487,28715.498487
2018-07-10,6662.78,6681.0,6263.0,6296.91,6662.78,6681.0,6263.0,6296.91,38560.672702,38560.672702
2018-07-09,6712.1,6802.06,6612.24,6662.12,6712.1,6802.06,6612.24,6662.12,26732.40655,26732.40655
2018-07-08,6753.48,6780.0,6667.44,6712.1,6753.48,6780.0,6667.44,6712.1,24622.947794,24622.947794
2018-07-07,6609.79,6818.16,6508.88,6756.98,6609.79,6818.16,6508.88,6756.98,23973.876886,23973.876886
2018-07-06,6529.2,6648.54,6425.0,6609.78,6529.2,6648.54,6425.0,6609.78,29397.094748,29397.094748
2018-07-05,6585.53,6712.0,6453.33,6529.2,6585.53,6712.0,6453.33,6529.2,35071.972898,35071.972898
2018-07-04,6511.01,6784.92,6441.11,6586.98,6511.01,6784.92,6441.11,6586.98,23571.892777,23571.892777
2018-07-03,6615.29,6679.35,6463.01,6513.86,6615.29,6679.35,6463.01,6513.86,38657.781691,38657.781691
2018-07-02,6360.82,6685.0,6271.62,6615.29,6360.82,6685.0,6271.62,6615.29,36230.452264,36230.452264
2018-07-01,6391.08,6441.06,6251.0,6356.81,6391.08,6441.06,6251.0,6356.81,27562.965974,27562.965974
2018-06-30,6197.92,6528.99,6186.03,6390.07,6197.92,6528.99,6186.03,6390.07,37919.61284,37919.61284
2018-06-29,5851.01,6300.0,5780.0,6197.92,5851.01,6300.0,5780.0,6197.92,33911.287278,33911.287278
2018-06-28,6134.73,6173.01,5827.0,5853.98,6134.73,6173.01,5827.0,5853.98,30585.266026,30585.266026
2018-06-27,6065.89,6190.43,5971.0,6133.73,6065.89,6190.43,5971.0,6133.73,19225.671098,19225.671098
2018-06-26,6252.0,6272.54,6035.0,6070.78,6252.0,6272.54,6035.0,6070.78,19377.240484,19377.240484
2018-06-25,6137.95,6350.0,6061.97,6252.0,6137.95,6350.0,6061.97,6252.0,39164.515306,39164.515306
2018-06-24,6149.98,6259.8,5750.0,6136.97,6149.98,6259.8,5750.0,6136.97,47445.998955,47445.998955
2018-06-23,6045.92,6260.0,6008.48,6149.98,6045.92,6260.0,6008.48,6149.98,26622.788589,26622.788589
2018-06-22,6717.69,6733.97,5918.94,6045.0,6717.69,6733.97,5918.94,6045.0,52157.370833,52157.370833
2018-06-21,6763.21,6795.0,6672.57,6718.84,6763.21,6795.0,6672.57,6718.84,25428.854048,25428.854048
2018-06-20,6740.0,6817.23,6551.81,6761.51,6740.0,6817.23,6551.81,6761.51,26359.752452,26359.752452
2018-06-19,6711.39,6841.74,6653.0,6741.21,6711.39,6841.74,6653.0,6741.21,24311.421143,24311.421143
2018-06-18,6444.06,6794.38,6380.0,6712.46,6444.06,6794.38,6380.0,6712.46,31821.434995,31821.434995
2018-06-17,6482.5,6589.03,6422.0,6449.61,6482.5,6589.03,6422.0,6449.61,19847.247688,19847.247688
2018-06-16,6380.01,6560.0,6320.86,6483.98,6380.01,6560.0,6320.86,6483.98,22277.241147,22277.241147
2018-06-15,6638.67,6666.66,6362.31,6388.9,6638.67,6666.66,6362.31,6388.9,30018.329905,30018.329905
2018-06-14,6292.78,6720.0,6260.0,6635.98,6292.78,6720.0,6260.0,6635.98,44478.130837,44478.130837
2018-06-13,6530.0,6627.6,6118.68,6292.78,6530.0,6627.6,6118.68,6292.78,46185.5181,46185.5181
2018-06-12,6872.0,6890.51,6435.0,6530.0,6872.0,6890.51,6435.0,6530.0,36722.211191,36722.211191
2018-06-11,6765.0,6922.0,6610.0,6872.0,6765.0,6922.0,6610.0,6872.0,34552.162303,34552.162303
2018-06-10,7491.73,7491.73,6622.81,6764.99,7491.73,7491.73,6622.81,6764.99,52342.020032,52342.020032
2018-06-09,7603.44,7683.98,7450.0,7491.73,7603.44,7683.98,7450.0,7491.73,19339.885176,19339.885176
2018-06-08,7691.08,7703.5,7531.0,7603.44,7691.08,7703.5,7531.0,7603.44,23396.804671,23396.804671
2018-06-07,7658.79,7765.0,7620.0,7691.08,7658.79,7765.0,7620.0,7691.08,25062.227202,25062.227202
2018-06-06,7626.64,7699.0,7467.05,7658.84,7626.64,7699.0,7467.05,7658.84,27229.991898,27229.991898
2018-06-05,7487.0,7679.49,7358.0,7625.0,7487.0,7679.49,7358.0,7625.0,31722.973384,31722.973384
2018-06-04,7714.26,7760.52,7446.5,7487.0,7714.26,7760.52,7446.5,7487.0,32258.835115,32258.835115
2018-06-03,7636.81,7786.69,7600.0,7714.26,7636.81,7786.69,7600.0,7714.26,27505.158951,27505.158951
2018-06-02,7521.01,7697.33,7437.0,7640.03,7521.01,7697.33,7437.0,7640.03,26720.690219,26720.690219
2018-06-01,7485.01,7608.55,7355.54,7521.01,7485.01,7608.55,7355.54,7521.01,28259.124078,28259.124078
2018-05-31,7382.07,7699.0,7327.51,7485.01,7382.07,7699.0,7327.51,7485.01,30776.063102,30776.063102
2018-05-30,7467.98,7569.0,7260.5,7375.96,7467.98,7569.0,7260.5,7375.96,32041.583623,32041.583623
2018-05-29,7099.0,7540.0,7032.95,7461.29,7099.0,7540.0,7032.95,7461.29,39407.21183,39407.21183
2018-05-28,7338.99,7437.0,7058.02,7099.0,7338.99,7437.0,7058.02,7099.0,27219.438963,27219.438963
2018-05-27,7334.0,7400.0,7231.11,7338.99,7334.0,7400.0,7231.11,7338.99,18706.945515,18706.945515
2018-05-26,7456.99,7620.0,7300.0,7333.96,7456.99,7620.0,7300.0,7333.96,19464.086071,19464.086071
2018-05-25,7578.99,7649.55,7308.15,7457.0,7578.99,7649.55,7308.15,7457.0,26739.95664,26739.95664
2018-05-24,7501.95,7730.73,7266.99,7575.01,7501.95,7730.73,7266.99,7575.01,37845.446595,37845.446595
2018-05-23,7977.12,8031.9,7425.0,7501.95,7977.12,8031.9,7425.0,7501.95,42910.666774,42910.666774
2018-05-22,8386.89,8400.18,7935.11,7977.11,8386.89,8400.18,7935.11,7977.11,23710.902858,23710.902858
2018-05-21,8526.97,8595.31,8305.0,8381.24,8526.97,8595.31,8305.0,8381.24,21516.596486,21516.596486
2018-05-20,8233.49,8609.0,8163.9,8526.98,8233.49,8609.0,8163.9,8526.98,19957.057109,19957.057109
2018-05-19,8238.01,8390.8,8095.73,8233.49,8238.01,8390.8,8095.73,8233.49,17193.424276,17193.424276
2018-05-18,8038.82,8273.21,7911.9,8239.81,8038.82,8273.21,7911.9,8239.81,23476.158251,23476.158251
2018-05-17,8330.0,8464.0,7979.0,8041.46,8330.0,8464.0,7979.0,8041.46,25439.844799,25439.844799
2018-05-16,8462.0,8488.0,8083.01,8330.0,8462.0,8488.0,8083.01,8330.0,31130.718908,31130.718908
2018-05-15,8663.37,8859.99,8401.3,8462.0,8663.37,8859.99,8401.3,8462.0,28126.956136,28126.956136
2018-05-14,8679.71,8879.99,8277.0,8663.34,8679.71,8879.99,8277.0,8663.34,37389.666533,37389.666533
2018-05-13,8475.44,8763.36,8298.0,8679.71,8475.44,8763.36,8298.0,8679.71,25632.869362,25632.869362
2018-05-12,8405.94,8646.88,8153.0,8465.94,8405.94,8646.88,8153.0,8465.94,40241.32081,40241.32081
2018-05-11,9002.21,9016.8,8341.0,8400.0,9002.21,9016.8,8341.0,8400.0,48227.048061,48227.048061
2018-05-10,9310.0,9395.12,8970.0,9002.2,9310.0,9395.12,8970.0,9002.2,25055.063718,25055.063718
2018-05-09,9178.0,9390.0,8965.0,9310.0,9178.0,9390.0,8965.0,9310.0,25673.524899,25673.524899
2018-05-08,9365.0,9475.7,9060.54,9187.56,9365.0,9475.7,9060.54,9187.56,25533.831889,25533.831889
2018-05-07,9661.02,9689.67,9181.0,9365.0,9661.02,9689.67,9181.0,9365.0,33787.640012,33787.640012
2018-05-06,9863.99,9970.0,9417.03,9659.01,9863.99,9970.0,9417.03,9659.01,27690.351559,27690.351559
2018-05-05,9714.0,10020.0,9682.0,9864.0,9714.0,10020.0,9682.0,9864.0,24990.018345,24990.018345
2018-05-04,9750.0,9830.04,9520.85,9713.99,9750.0,9830.04,9520.85,9713.99,28681.588879,28681.588879
2018-05-03,9247.81,9844.0,9168.4,9750.0,9247.81,9844.0,9168.4,9750.0,38768.388288,38768.388288
2018-05-02,9071.48,9268.0,8970.2,9247.84,9071.48,9268.0,8970.2,9247.84,26123.543961,26123.543961
2018-05-01,9246.01,9248.99,8800.49,9071.48,9246.01,9248.99,8800.49,9071.48,41018.463633,41018.463633
2018-04-30,9417.04,9458.64,9124.99,9246.01,9417.04,9458.64,9124.99,9246.01,35002.033875,35002.033875
2018-04-29,9348.0,9570.51,9163.74,9419.0,9348.0,9570.51,9163.74,9419.0,38149.850035,38149.850035
2018-04-28,8915.35,9427.48,8870.0,9348.0,8915.35,9427.48,8870.0,9348.0,34759.62842,34759.62842
2018-04-27,9267.03,9395.0,8889.0,8915.35,9267.03,9395.0,8889.0,8915.35,37241.347036,37241.347036
2018-04-26,8869.99,9307.48,8651.62,9266.0,8869.99,9307.48,8651.62,9266.0,43300.304245,43300.304245
2018-04-25,9618.96,9759.82,8730.0,8869.99,9618.96,9759.82,8730.0,8869.99,81110.037589,81110.037589
2018-04-24,8934.0,9731.01,8922.0,9619.99,8934.0,9731.01,8922.0,9619.99,46268.790106,46268.790106
2018-04-23,8785.7,8985.0,8745.0,8934.01,8785.7,8985.0,8745.0,8934.01,25838.114709,25838.114709
2018-04-22,8915.31,9020.67,8727.68,8787.02,8915.31,9020.67,8727.68,8787.02,29458.25348,29458.25348
2018-04-21,8852.12,9035.0,8565.0,8915.31,8852.12,9035.0,8565.0,8915.31,40872.229909,40872.229909
2018-04-20,8273.84,8930.0,8177.09,8856.98,8273.84,8930.0,8177.09,8856.98,39795.337485,39795.337485
2018-04-19,8173.99,8296.0,8080.0,8278.0,8173.99,8296.0,8080.0,8278.0,27113.847464,27113.847464
2018-04-18,7890.96,8236.43,7868.0,8173.0,7890.96,8236.43,7868.0,8173.0,26969.04457,26969.04457
2018-04-17,8064.92,8173.7,7825.4,7885.02,8064.92,8173.7,7825.4,7885.02,32152.603567,32152.603567
2018-04-16,8355.07,8419.0,7867.0,8064.92,8355.07,8419.0,7867.0,8064.92,36664.069715,36664.069715
2018-04-15,8004.0,8429.54,7999.02,8355.0,8004.0,8429.54,7999.02,8355.0,27946.720444,27946.720444
2018-04-14,7877.48,8186.0,7810.0,7999.01,7877.48,8186.0,7810.0,7999.01,31621.286357,31621.286357
2018-04-13,7922.99,8233.39,7732.0,7877.41,7922.99,8233.39,7732.0,7877.41,55044.523148,55044.523148
2018-04-12,6953.78,8012.23,6743.2,7923.0,6953.78,8012.23,6743.2,7923.0,64861.595987,64861.595987
2018-04-11,6839.56,6990.0,6787.0,6953.79,6839.56,6990.0,6787.0,6953.79,23997.871177,23997.871177
2018-04-10,6781.55,6890.0,6656.0,6843.9,6781.55,6890.0,6656.0,6843.9,22326.728095,22326.728095
2018-04-09,7011.04,7185.0,6611.0,6782.72,7011.04,7185.0,6611.0,6782.72,34078.297206,34078.297206
2018-04-08,6895.81,7109.13,6880.0,7018.0,6895.81,7109.13,6880.0,7018.0,21427.673165,21427.673165
2018-04-07,6601.39,7070.0,6586.28,6895.8,6601.39,7070.0,6586.28,6895.8,32269.578267,32269.578267
2018-04-06,6770.0,6850.0,6500.0,6601.39,6770.0,6850.0,6500.0,6601.39,27455.01192,27455.01192
2018-04-05,6796.1,6902.0,6566.69,6770.76,6796.1,6902.0,6566.69,6770.76,39029.73146,39029.73146
2018-04-04,7405.21,7427.52,6707.0,6796.1,7405.21,7427.52,6707.0,6796.1,42227.183804,42227.183804
2018-04-03,7063.97,7520.0,7011.01,7405.21,7063.97,7520.0,7011.01,7405.21,37787.331811,37787.331811
2018-04-02,6813.01,7125.0,6765.0,7056.0,6813.01,7125.0,6765.0,7056.0,32123.560072,32123.560072
2018-04-01,6922.0,7049.98,6430.0,6813.01,6922.0,7049.98,6430.0,6813.01,44071.430463,44071.430463
2018-03-31,6840.24,7223.36,6777.0,6923.91,6840.24,7223.36,6777.0,6923.91,36868.539087,36868.539087
2018-03-30,7090.16,7292.43,6600.1,6840.23,7090.16,7292.43,6600.1,6840.23,65306.031976,65306.031976
2018-03-29,7949.3,7975.0,6941.11,7090.14,7949.3,7975.0,6941.11,7090.14,54620.915125,54620.915125
2018-03-28,7795.51,8109.0,7728.0,7949.3,7795.51,8109.0,7728.0,7949.3,26401.33167,26401.33167
2018-03-27,8134.22,8215.94,7730.0,7795.51,8134.22,8215.94,7730.0,7795.51,37427.64805,37427.64805
2018-03-26,8470.14,8514.89,7831.0,8134.23,8470.14,8514.89,7831.0,8134.23,44033.59566,44033.59566
2018-03-25,8531.25,8669.85,8365.77,8470.15,8531.25,8669.85,8365.77,8470.15,29001.769316,29001.769316
2018-03-24,8898.04,8999.95,8491.0,8546.86,8898.04,8999.95,8491.0,8546.86,35466.609572,35466.609572
2018-03-23,8720.0,8909.0,8269.0,8898.03,8720.0,8909.0,8269.0,8898.03,39991.007666,39991.007666
2018-03-22,8884.82,9100.0,8465.1,8722.9,8884.82,9100.0,8465.1,8722.9,40617.556809,40617.556809
2018-03-21,8909.96,9177.01,8750.6,8885.0,8909.96,9177.01,8750.6,8885.0,39972.405371,39972.405371
2018-03-20,8595.01,9050.0,8280.0,8909.98,8595.01,9050.0,8280.0,8909.98,44865.105835,44865.105835
2018-03-19,8189.0,8705.23,8088.4,8600.0,8189.0,8705.23,8088.4,8600.0,55297.084942,55297.084942
2018-03-18,7824.01,8317.4,7322.0,8189.99,7824.01,8317.4,7322.0,8189.99,59488.231711,59488.231711
2018-03-17,8260.0,8348.62,7721.99,7824.8,8260.0,8348.62,7721.99,7824.8,33110.206329,33110.206329
2018-03-16,8240.98,8611.64,7900.0,8260.0,8240.98,8611.64,7900.0,8260.0,38815.409893,38815.409893
2018-03-15,8184.01,8430.0,7650.0,8240.98,8184.01,8430.0,7650.0,8240.98,52291.022277,52291.022277
2018-03-14,9151.92,9333.78,7900.28,8170.0,9151.92,9333.78,7900.28,8170.0,49708.094108,49708.094108
2018-03-13,9131.34,9474.0,8823.0,9150.0,9131.34,9474.0,8823.0,9150.0,40191.409358,40191.409358
2018-03-12,9533.57,9888.88,8780.0,9131.34,9533.57,9888.88,8780.0,9131.34,42230.77793,42230.77793
2018-03-11,8770.22,9740.0,8450.0,9533.57,8770.22,9740.0,8450.0,9533.57,44325.973386,44325.973386
2018-03-10,9230.0,9490.0,8667.07,8770.22,9230.0,9490.0,8667.07,8770.22,37180.012857,37180.012857
2018-03-09,9267.07,9410.0,8329.0,9227.0,9267.07,9410.0,8329.0,9227.0,64112.291407,64112.291407
2018-03-08,9910.0,10099.0,9060.0,9271.64,9910.0,10099.0,9060.0,9271.64,41109.473226,41109.473226
2018-03-07,10716.48,10899.0,9389.31,9910.0,10716.48,10899.0,9389.31,9910.0,50647.67108,50647.67108
2018-03-06,11455.0,11455.0,10555.48,10716.48,11455.0,11455.0,10555.48,10716.48,29515.572363,29515.572363
2018-03-05,11515.0,11710.0,11415.01,11454.0,11515.0,11710.0,11415.01,11454.0,15144.231063,15144.231063
2018-03-04,11464.47,11565.0,11050.02,11515.0,11464.47,11565.0,11050.02,11515.0,17295.918653,17295.918653
2018-03-03,11038.99,11544.0,11015.01,11464.48,11038.99,11544.0,11015.01,11464.48,21287.15328,21287.15328
2018-03-02,10923.36,11200.0,10770.0,11039.0,10923.36,11200.0,10770.0,11039.0,23910.71009,23910.71009
2018-03-01,10325.64,11060.41,10240.0,10920.0,10325.64,11060.41,10240.0,10920.0,25092.55393,25092.55393
2018-02-28,10584.33,11098.0,10300.0,10326.76,10584.33,11098.0,10300.0,10326.76,30800.983782,30800.983782
2018-02-27,10321.0,10870.0,10121.0,10569.04,10321.0,10870.0,10121.0,10569.04,30705.385123,30705.385123
2018-02-26,9590.0,10444.32,9350.0,10324.0,9590.0,10444.32,9350.0,10324.0,34878.292756,34878.292756
2018-02-25,9694.51,9847.0,9274.8,9590.0,9694.51,9847.0,9274.8,9590.0,28373.517586,28373.517586
2018-02-24,10131.04,10496.97,9352.0,9694.51,10131.04,10496.97,9352.0,9694.51,40888.156299,40888.156299
2018-02-23,9815.55,10435.0,9570.19,10131.04,9815.55,10435.0,9570.19,10131.04,57202.70237,57202.70237
2018-02-22,10439.02,10933.44,9679.0,9811.04,10439.02,10933.44,9679.0,9811.04,67060.166483,67060.166483
2018-02-21,11195.07,11304.03,10200.0,10437.6,11195.07,11304.03,10200.0,10437.6,68113.818754,68113.818754
2018-02-20,11147.11,11786.01,11100.59,11200.99,11147.11,11786.01,11100.59,11200.99,48153.354288,48153.354288
2018-02-19,10375.01,11250.0,10270.33,11153.0,10375.01,11250.0,10270.33,11153.0,40831.417131,40831.417131
2018-02-18,11039.55,11274.0,10080.0,10383.43,11039.55,11274.0,10080.0,10383.43,61137.380728,61137.380728
2018-02-17,10156.07,11075.07,10050.0,11039.55,10156.07,11075.07,10050.0,11039.55,41882.108407,41882.108407
2018-02-16,10000.89,10323.37,9666.0,10159.98,10000.89,10323.37,9666.0,10159.98,38161.205974,38161.205974
2018-02-15,9449.98,10219.5,9301.5,10000.09,9449.98,10219.5,9301.5,10000.09,52427.596715,52427.596715
2018-02-14,8535.17,9489.6,8533.0,9449.99,8535.17,9489.6,8533.0,9449.99,40811.952867,40811.952867
2018-02-13,8903.0,8950.0,8351.0,8539.9,8903.0,8950.0,8351.0,8539.9,35454.972956,35454.972956
2018-02-12,8063.82,8989.0,8053.0,8903.0,8063.82,8989.0,8053.0,8903.0,41987.85049,41987.85049
2018-02-11,8533.99,8549.0,7726.53,8063.88,8533.99,8549.0,7726.53,8063.88,45025.187952,45025.187952
2018-02-10,8683.93,9065.78,8120.0,8533.98,8683.93,9065.78,8120.0,8533.98,49381.512653,49381.512653
2018-02-09,7789.9,8738.0,7789.9,8683.92,7789.9,8738.0,7789.9,8683.92,20482.910825,20482.910825
2018-02-08,7599.0,7844.0,7572.09,7784.02,7599.0,7844.0,7572.09,7784.02,1521.537318,1521.537318
2018-02-07,7655.02,8476.0,7150.01,7599.0,7655.02,8476.0,7150.01,7599.0,60778.460497,60778.460497
2018-02-06,6939.63,7878.0,6000.01,7652.14,6939.63,7878.0,6000.01,7652.14,100201.500307,100201.500307
2018-02-05,8179.99,8382.8,6625.0,6939.99,8179.99,8382.8,6625.0,6939.99,63403.182579,63403.182579
2018-02-04,9199.96,9368.0,7930.0,8184.81,9199.96,9368.0,7930.0,8184.81,32014.308449,32014.308449
2018-02-03,8873.03,9473.01,8229.0,9199.96,8873.03,9473.01,8229.0,9199.96,28725.000735,28725.000735
2018-02-02,9224.52,9250.0,8010.02,8873.03,9224.52,9250.0,8010.02,8873.03,49971.626975,49971.626975
2018-02-01,10285.1,10335.0,8750.99,9224.52,10285.1,10335.0,8750.99,9224.52,33564.764311,33564.764311
2018-01-31,10230.0,10425.85,9700.0,10285.1,10230.0,10425.85,9700.0,10285.1,18015.956805,18015.956805
2018-01-30,11250.11,11308.42,9900.0,10237.51,11250.11,11308.42,9900.0,10237.51,25554.372946,25554.372946
2018-01-29,11879.95,11975.02,11139.55,11251.0,11879.95,11975.02,11139.55,11251.0,14170.377538,14170.377538
2018-01-28,11499.98,12244.0,11408.0,11879.95,11499.98,12244.0,11408.0,11879.95,16887.339524,16887.339524
2018-01-27,11089.0,11650.0,10842.69,11491.0,11089.0,11650.0,10842.69,11491.0,18860.768345,18860.768345
2018-01-26,11184.7,11643.0,10311.15,11089.0,11184.7,11643.0,10311.15,11089.0,33056.87196,33056.87196
2018-01-25,11349.96,11794.05,10950.21,11175.27,11349.96,11794.05,10950.21,11175.27,20839.954183,20839.954183
2018-01-24,10799.14,11570.48,10500.0,11349.99,10799.14,11570.48,10500.0,11349.99,27158.587762,27158.587762
2018-01-23,10760.05,11399.0,9905.0,10799.18,10760.05,11399.0,9905.0,10799.18,37473.922552,37473.922552
2018-01-22,11530.0,11926.35,9900.24,10760.05,11530.0,11926.35,9900.24,10760.05,43752.606791,43752.606791
2018-01-21,12799.8,12799.8,10965.0,11530.0,12799.8,12799.8,10965.0,11530.0,41379.773426,41379.773426
2018-01-20,11474.98,13099.0,11412.45,12799.94,11474.98,13099.0,11412.45,12799.94,28768.857827,28768.857827
2018-01-19,10960.0,11795.0,10360.0,11474.98,10960.0,11795.0,10360.0,11474.98,34129.375421,34129.375421
2018-01-18,10972.59,11878.82,10435.33,10961.97,10972.59,11878.82,10435.33,10961.97,48464.434937,48464.434937
2018-01-17,10899.99,11680.99,9037.94,10988.79,10899.99,11680.99,9037.94,10988.79,72331.796646,72331.796646
2018-01-16,13500.0,13542.93,9035.0,10900.0,13500.0,13542.93,9035.0,10900.0,63401.169175,63401.169175
2018-01-15,13477.98,14249.99,13147.79,13539.93,13477.98,14249.99,13147.79,13539.93,14652.094705,14652.094705
2018-01-14,14210.0,14339.5,12569.2,13474.99,14210.0,14339.5,12569.2,13474.99,17017.894329,17017.894329
2018-01-13,13749.95,14580.0,13706.15,14210.0,13749.95,14580.0,13706.15,14210.0,12221.508528,12221.508528
2018-01-12,13238.76,14109.78,12500.0,13740.01,13238.76,14109.78,12500.0,13740.01,16417.162137,16417.162137
2018-01-11,14940.0,14968.68,11400.0,13238.78,14940.0,14968.68,11400.0,13238.78,33554.723751,33554.723751
2018-01-10,14401.0,14955.66,13131.31,14907.09,14401.0,14955.66,13131.31,14907.09,17411.001655,17411.001655
2018-01-09,14902.54,15500.0,14011.05,14400.0,14902.54,15500.0,14011.05,14400.0,14315.004253,14315.004253
2018-01-08,16218.85,16322.3,12812.0,14902.54,16218.85,16322.3,12812.0,14902.54,26600.609912,26600.609912
2018-01-07,17069.79,17099.96,15610.0,16150.03,17069.79,17099.96,15610.0,16150.03,12493.125558,12493.125558
2018-01-06,16960.39,17143.13,16011.21,17069.79,16960.39,17143.13,16011.21,17069.79,18571.457508,18571.457508
2018-01-05,15059.56,17176.24,14600.0,16960.39,15059.56,17176.24,14600.0,16960.39,23251.491125,23251.491125
2018-01-04,14919.51,15280.0,13918.04,15059.54,14919.51,15280.0,13918.04,15059.54,21329.649574,21329.649574
2018-01-03,14690.0,15307.56,14150.0,14919.51,14690.0,15307.56,14150.0,14919.51,15905.667639,15905.667639
2018-01-02,13382.16,15473.49,12890.02,14675.11,13382.16,15473.49,12890.02,14675.11,20078.092111,20078.092111
2018-01-01,13715.65,13818.55,12750.0,13380.0,13715.65,13818.55,12750.0,13380.0,8609.915844,8609.915844
2017-12-31,12345.1,14050.11,12149.98,13716.36,12345.1,14050.11,12149.98,13716.36,11768.989718,11768.989718
2017-12-30,14378.99,14398.85,11750.0,12440.01,14378.99,14398.85,11750.0,12440.01,19221.158039,19221.158039
2017-12-29,14199.14,14981.0,13850.0,14378.9,14199.14,14981.0,13850.0,14378.9,18072.008116,18072.008116
2017-12-28,15459.97,15539.99,13150.0,14182.11,15459.97,15539.99,13150.0,14182.11,21717.858014,21717.858014
2017-12-27,15709.98,16498.05,14200.15,15459.99,15709.98,16498.05,14200.15,15459.99,14959.864723,14959.864723
2017-12-26,13699.34,16050.0,13533.0,15689.01,13699.34,16050.0,13533.0,15689.01,15034.668104,15034.668104
